"id";"cpuPercent";"cpuFreq";"ramPercent";"ramBytes";"discoPercent";"discoBytes";"downloadMbps";"uploadMbps";"dataHora"
1;9.6;2304.0;83.0;6965833728.0;41.0;211108372480.0;724.5;33.61;"2025-04-09 12:54:04"
2;3.1;2304.0;83.0;6965567488.0;41.0;211108372480.0;724.5;33.61;"2025-04-09 12:54:04"
3;33.3;2304.0;83.0;6965555200.0;41.0;211108372480.0;724.5;33.61;"2025-04-09 12:54:04"
4;12.5;2304.0;83.0;6965542912.0;41.0;211108372480.0;724.5;33.61;"2025-04-09 12:54:04"
5;12.0;2304.0;83.0;6965473280.0;41.0;211108372480.0;724.5;33.61;"2025-04-09 12:54:04"
6;12.5;2304.0;83.0;6965104640.0;41.0;211108372480.0;724.5;33.61;"2025-04-09 12:54:04"
7;29.4;2304.0;83.0;6965092352.0;41.0;211108372480.0;724.5;33.61;"2025-04-09 12:54:04"
8;18.8;2304.0;83.0;6964936704.0;41.0;211108372480.0;724.5;33.61;"2025-04-09 12:54:04"
9;12.5;2304.0;83.0;6963970048.0;41.0;211108372480.0;724.5;33.61;"2025-04-09 12:54:04"
10;6.2;2304.0;83.0;6963994624.0;41.0;211108376576.0;724.5;33.61;"2025-04-09 12:54:05"
11;14.3;2304.0;83.0;6964105216.0;41.0;211108376576.0;724.5;33.61;"2025-04-09 12:54:05"
12;10.7;2304.0;83.0;6964060160.0;41.0;211108376576.0;724.5;33.61;"2025-04-09 12:54:05"
13;6.2;2304.0;83.0;6964043776.0;41.0;211108376576.0;724.5;33.61;"2025-04-09 12:54:05"
14;6.2;2304.0;83.0;6964043776.0;41.0;211108376576.0;724.5;33.61;"2025-04-09 12:54:05"
15;6.2;2304.0;83.0;6964056064.0;41.0;211108376576.0;724.5;33.61;"2025-04-09 12:54:05"
16;21.2;2304.0;83.0;6972530688.0;41.0;211108376576.0;724.5;33.61;"2025-04-09 12:54:05"
17;12.5;2304.0;83.0;6972289024.0;41.0;211108376576.0;724.5;33.61;"2025-04-09 12:54:05"
18;17.6;2304.0;83.0;6972264448.0;41.0;211108376576.0;724.5;33.61;"2025-04-09 12:54:05"
19;12.5;2304.0;83.0;6972248064.0;41.0;211108376576.0;724.5;33.61;"2025-04-09 12:54:05"
20;25.0;2304.0;83.0;6972088320.0;41.0;211108376576.0;724.5;33.61;"2025-04-09 12:54:05"
21;13.3;2304.0;83.0;6972006400.0;41.0;211108384768.0;724.5;33.61;"2025-04-09 12:54:05"
22;18.8;2304.0;83.0;6971858944.0;41.0;211108384768.0;724.5;33.61;"2025-04-09 12:54:05"
23;17.6;2304.0;83.0;6971826176.0;41.0;211108384768.0;724.5;33.61;"2025-04-09 12:54:05"
24;5.9;2304.0;83.0;6971748352.0;41.0;211108384768.0;724.5;33.61;"2025-04-09 12:54:05"
25;5.9;2304.0;83.0;6971682816.0;41.0;211108384768.0;724.5;33.61;"2025-04-09 12:54:05"
26;10.7;2304.0;83.0;6971674624.0;41.0;211108384768.0;724.5;33.61;"2025-04-09 12:54:05"
27;6.7;2304.0;83.0;6971637760.0;41.0;211108384768.0;724.5;33.61;"2025-04-09 12:54:05"
28;11.1;2304.0;83.0;6971584512.0;41.0;211108384768.0;724.5;33.61;"2025-04-09 12:54:05"
29;6.2;2304.0;83.0;6971539456.0;41.0;211108397056.0;724.5;33.61;"2025-04-09 12:54:05"
30;12.5;2304.0;83.0;6971404288.0;41.0;211108397056.0;724.5;33.61;"2025-04-09 12:54:05"
31;9.7;2304.0;83.0;6971265024.0;41.0;211108397056.0;724.5;33.61;"2025-04-09 12:54:05"
32;12.5;2304.0;83.0;6971260928.0;41.0;211108397056.0;724.5;33.61;"2025-04-09 12:54:05"
33;17.6;2304.0;83.0;6971260928.0;41.0;211108397056.0;724.5;33.61;"2025-04-09 12:54:05"
34;6.2;2304.0;83.0;6971224064.0;41.0;211108397056.0;724.5;33.61;"2025-04-09 12:54:05"
35;28.1;2304.0;83.0;6971146240.0;41.0;211108397056.0;724.5;33.61;"2025-04-09 12:54:05"
36;27.8;2304.0;83.0;6971121664.0;41.0;211108397056.0;724.5;33.61;"2025-04-09 12:54:05"
37;7.1;2304.0;83.0;6971060224.0;41.0;211108397056.0;724.5;33.61;"2025-04-09 12:54:05"
38;5.9;2304.0;83.0;6971027456.0;41.0;211108397056.0;724.5;33.61;"2025-04-09 12:54:05"
39;5.3;2304.0;83.0;6970957824.0;41.0;211108397056.0;724.5;33.61;"2025-04-09 12:54:05"
40;39.1;2304.0;83.0;6970929152.0;41.0;211108397056.0;724.5;33.61;"2025-04-09 12:54:05"
41;4.2;2304.0;83.0;6970986496.0;41.0;211108397056.0;724.5;33.61;"2025-04-09 12:54:05"
42;13.3;2304.0;83.0;6970937344.0;41.0;211108413440.0;724.5;33.61;"2025-04-09 12:54:05"
43;15.0;2304.0;83.0;6970912768.0;41.0;211108413440.0;724.5;33.61;"2025-04-09 12:54:05"
44;6.2;2304.0;83.0;6970773504.0;41.0;211108413440.0;724.5;33.61;"2025-04-09 12:54:05"
45;6.9;2304.0;83.0;6970376192.0;41.0;211108413440.0;724.5;33.61;"2025-04-09 12:54:05"
46;20.0;2304.0;83.0;6970372096.0;41.0;211108413440.0;724.51;33.61;"2025-04-09 12:54:05"
47;52.4;2304.0;83.0;6970281984.0;41.0;211108413440.0;724.51;33.61;"2025-04-09 12:54:05"
48;10.3;2304.0;83.0;6967455744.0;41.0;211108413440.0;724.51;33.61;"2025-04-09 12:54:05"
49;25.0;2304.0;83.0;6967451648.0;41.0;211108413440.0;724.51;33.61;"2025-04-09 12:54:05"
50;4.2;2304.0;83.0;6967123968.0;41.0;211108413440.0;724.52;33.61;"2025-04-09 12:54:05"
51;4.5;2304.0;83.0;6967078912.0;41.0;211108413440.0;724.52;33.61;"2025-04-09 12:54:05"
52;18.8;2304.0;83.0;6966910976.0;41.0;211108413440.0;724.52;33.61;"2025-04-09 12:54:05"
53;5.6;2304.0;83.0;6966870016.0;41.0;211108413440.0;724.52;33.61;"2025-04-09 12:54:05"
54;6.2;2304.0;83.0;6966824960.0;41.0;211108413440.0;724.52;33.61;"2025-04-09 12:54:05"
55;16.7;2304.0;83.0;6966611968.0;41.0;211108413440.0;724.54;33.61;"2025-04-09 12:54:05"
56;18.2;2304.0;83.0;6966452224.0;41.0;211108413440.0;724.54;33.61;"2025-04-09 12:54:05"
57;5.3;2304.0;83.0;6966448128.0;41.0;211108413440.0;724.54;33.61;"2025-04-09 12:54:05"
58;6.2;2304.0;83.0;6966448128.0;41.0;211108413440.0;724.54;33.61;"2025-04-09 12:54:05"
59;15.4;2304.0;83.0;6966378496.0;41.0;211108413440.0;724.54;33.61;"2025-04-09 12:54:05"
60;11.1;2304.0;83.0;6966378496.0;41.0;211108413440.0;724.54;33.61;"2025-04-09 12:54:05"
61;5.0;2304.0;83.0;6966337536.0;41.0;211108413440.0;724.54;33.61;"2025-04-09 12:54:05"
62;12.5;2304.0;83.0;6966280192.0;41.0;211108413440.0;724.54;33.61;"2025-04-09 12:54:06"
63;6.2;2304.0;83.0;6966280192.0;41.0;211108413440.0;724.54;33.61;"2025-04-09 12:54:06"
64;6.2;2304.0;83.0;6966243328.0;41.0;211108413440.0;724.54;33.61;"2025-04-09 12:54:06"
65;33.3;2304.0;83.0;6966231040.0;41.0;211108413440.0;724.54;33.61;"2025-04-09 12:54:06"
66;4.3;2304.0;83.0;6966231040.0;41.0;211108413440.0;724.54;33.61;"2025-04-09 12:54:06"
67;6.2;2304.0;83.0;6966231040.0;41.0;211108413440.0;724.54;33.61;"2025-04-09 12:54:06"
68;6.2;2304.0;83.0;6972428288.0;41.0;211108413440.0;724.54;33.61;"2025-04-09 12:54:06"
69;15.4;2304.0;83.0;6972428288.0;41.0;211108413440.0;724.54;33.61;"2025-04-09 12:54:06"
70;4.8;2304.0;83.0;6972383232.0;41.0;211108413440.0;724.54;33.61;"2025-04-09 12:54:06"
71;5.9;2304.0;83.0;6971068416.0;41.0;211108413440.0;724.54;33.61;"2025-04-09 12:54:06"
72;18.8;2304.0;83.0;6970990592.0;41.0;211108413440.0;724.54;33.61;"2025-04-09 12:54:06"
73;6.2;2304.0;83.0;6970990592.0;41.0;211108413440.0;724.54;33.61;"2025-04-09 12:54:06"
74;19.4;2304.0;83.0;6970974208.0;41.0;211108413440.0;724.54;33.61;"2025-04-09 12:54:06"
75;8.3;2304.0;83.0;6970757120.0;41.0;211108413440.0;724.54;33.61;"2025-04-09 12:54:06"
76;4.3;2304.0;83.0;6970744832.0;41.0;211108413440.0;724.54;33.61;"2025-04-09 12:54:06"
77;17.6;2304.0;83.0;6970617856.0;41.0;211108413440.0;724.54;33.61;"2025-04-09 12:54:06"
78;6.2;2304.0;83.0;6970605568.0;41.0;211108413440.0;724.54;33.61;"2025-04-09 12:54:06"
79;13.6;2304.0;83.0;6970408960.0;41.0;211108413440.0;724.54;33.61;"2025-04-09 12:54:06"
80;3.8;2304.0;83.0;6970224640.0;41.0;211108413440.0;724.54;33.61;"2025-04-09 12:54:06"
81;6.2;2304.0;83.0;6969831424.0;41.0;211108413440.0;724.54;33.61;"2025-04-09 12:54:06"
82;23.5;2304.0;83.0;6969450496.0;41.0;211108413440.0;724.54;33.61;"2025-04-09 12:54:06"
83;17.6;2304.0;83.0;6969286656.0;41.0;211108413440.0;724.54;33.61;"2025-04-09 12:54:06"
84;12.0;2304.0;83.0;6969085952.0;41.0;211108413440.0;724.54;33.61;"2025-04-09 12:54:06"
85;4.3;2304.0;83.0;6969032704.0;41.0;211108413440.0;724.54;33.61;"2025-04-09 12:54:06"
86;17.6;2304.0;83.0;6968545280.0;41.0;211108446208.0;724.54;33.61;"2025-04-09 12:54:06"
87;6.2;2304.0;83.0;6968541184.0;41.0;211108446208.0;724.54;33.61;"2025-04-09 12:54:06"
88;6.2;2304.0;83.0;6968528896.0;41.0;211108446208.0;724.54;33.61;"2025-04-09 12:54:06"
89;6.2;2304.0;83.0;6968455168.0;41.0;211108446208.0;724.54;33.61;"2025-04-09 12:54:06"
90;6.2;2304.0;83.0;6968446976.0;41.0;211108446208.0;724.54;33.61;"2025-04-09 12:54:06"
91;6.2;2304.0;83.0;6968295424.0;41.0;211108446208.0;724.54;33.61;"2025-04-09 12:54:06"
92;18.8;2304.0;83.0;6968336384.0;41.0;211108446208.0;724.54;33.61;"2025-04-09 12:54:06"
93;16.1;2304.0;83.0;6968336384.0;41.0;211108446208.0;724.54;33.61;"2025-04-09 12:54:06"
94;11.8;2304.0;83.0;6971219968.0;41.0;211108446208.0;724.54;33.61;"2025-04-09 12:54:06"
95;23.1;2304.0;83.0;6972960768.0;41.0;211108446208.0;724.54;33.61;"2025-04-09 12:54:06"
96;13.6;2304.0;83.0;6975696896.0;41.0;211108446208.0;724.54;33.61;"2025-04-09 12:54:06"
97;20.0;2304.0;83.0;6979891200.0;41.0;211108446208.0;724.54;33.61;"2025-04-09 12:54:06"
98;26.3;2304.0;83.0;6984503296.0;41.0;211108446208.0;724.54;33.61;"2025-04-09 12:54:06"
99;55.0;2304.0;83.0;6991024128.0;41.0;211108454400.0;724.54;33.61;"2025-04-09 12:54:06"
100;12.5;2304.0;83.0;6993166336.0;41.0;211108454400.0;724.54;33.61;"2025-04-09 12:54:06"
101;12.5;2304.0;83.0;6995079168.0;41.0;211108454400.0;724.54;33.61;"2025-04-09 12:54:06"
102;35.3;2304.0;83.0;6995259392.0;41.0;211108454400.0;724.54;33.61;"2025-04-09 12:54:06"
103;15.6;2304.0;83.0;7001579520.0;41.0;211108454400.0;724.54;33.61;"2025-04-09 12:54:06"
104;21.2;2304.0;83.0;7001595904.0;41.0;211108454400.0;724.54;33.61;"2025-04-09 12:54:06"
105;31.2;2304.0;83.0;7003537408.0;41.0;211108454400.0;724.54;33.61;"2025-04-09 12:54:06"
106;56.2;2304.0;83.0;7003521024.0;41.0;211108454400.0;724.54;33.61;"2025-04-09 12:54:06"
107;25.0;2304.0;83.0;7001546752.0;41.0;211108454400.0;724.54;33.61;"2025-04-09 12:54:06"
108;12.5;2304.0;83.0;7001419776.0;41.0;211108454400.0;724.54;33.61;"2025-04-09 12:54:06"
109;18.8;2304.0;83.0;7001387008.0;41.0;211108454400.0;724.54;33.61;"2025-04-09 12:54:07"
110;6.2;2304.0;83.0;7001387008.0;41.0;211108454400.0;724.54;33.61;"2025-04-09 12:54:07"
111;6.7;2304.0;83.0;7001378816.0;41.0;211108454400.0;724.54;33.61;"2025-04-09 12:54:07"
112;5.9;2304.0;83.0;7001382912.0;41.0;211108454400.0;724.54;33.61;"2025-04-09 12:54:07"
113;5.9;2304.0;83.0;7001387008.0;41.0;211108454400.0;724.54;33.61;"2025-04-09 12:54:07"
114;6.2;2304.0;83.0;7001378816.0;41.0;211108454400.0;724.54;33.61;"2025-04-09 12:54:07"
115;18.2;2304.0;83.0;7004889088.0;41.0;211108454400.0;724.54;33.61;"2025-04-09 12:54:07"
116;6.2;2304.0;83.0;7004913664.0;41.0;211108454400.0;724.54;33.61;"2025-04-09 12:54:07"
117;6.2;2304.0;83.0;7004913664.0;41.0;211108454400.0;724.54;33.61;"2025-04-09 12:54:07"
118;6.2;2304.0;83.0;7004909568.0;41.0;211108454400.0;724.55;33.61;"2025-04-09 12:54:07"
119;17.6;2304.0;83.0;7004971008.0;41.0;211108524032.0;724.55;33.61;"2025-04-09 12:54:07"
120;3.2;2304.0;83.0;7004971008.0;41.0;211108524032.0;724.55;33.61;"2025-04-09 12:54:07"
121;6.2;2304.0;83.0;7004975104.0;41.0;211108524032.0;724.55;33.61;"2025-04-09 12:54:07"
122;6.2;2304.0;83.0;7005110272.0;41.0;211108524032.0;724.55;33.61;"2025-04-09 12:54:07"
123;6.2;2304.0;83.0;7005093888.0;41.0;211108524032.0;724.55;33.61;"2025-04-09 12:54:07"
124;9.4;2304.0;83.0;7005093888.0;41.0;211108524032.0;724.55;33.61;"2025-04-09 12:54:07"
125;40.0;2304.0;83.0;7005073408.0;41.0;211108524032.0;724.55;33.61;"2025-04-09 12:54:07"
126;5.3;2304.0;83.0;7005073408.0;41.0;211108524032.0;724.55;33.61;"2025-04-09 12:54:07"
127;5.6;2304.0;83.0;7005073408.0;41.0;211108524032.0;724.55;33.61;"2025-04-09 12:54:07"
128;6.2;2304.0;83.0;7005073408.0;41.0;211108524032.0;724.55;33.61;"2025-04-09 12:54:07"
129;31.0;2304.0;83.0;7005011968.0;41.0;211108524032.0;724.56;33.61;"2025-04-09 12:54:07"
130;11.1;2304.0;83.0;7004983296.0;41.0;211108524032.0;724.56;33.61;"2025-04-09 12:54:07"
131;20.0;2304.0;83.0;7004983296.0;41.0;211108524032.0;724.56;33.61;"2025-04-09 12:54:07"
132;15.0;2304.0;83.0;7004934144.0;41.0;211108524032.0;724.56;33.61;"2025-04-09 12:54:07"
133;35.7;2304.0;83.0;7004913664.0;41.0;211108524032.0;724.56;33.61;"2025-04-09 12:54:07"
134;9.5;2304.0;83.0;7004913664.0;41.0;211108524032.0;724.56;33.61;"2025-04-09 12:54:07"
135;18.2;2304.0;83.0;7004913664.0;41.0;211108524032.0;724.56;33.61;"2025-04-09 12:54:07"
136;3.7;2304.0;83.0;7004860416.0;41.0;211108524032.0;724.56;33.61;"2025-04-09 12:54:07"
137;4.3;2304.0;83.0;7004860416.0;41.0;211108524032.0;724.57;33.61;"2025-04-09 12:54:07"
138;15.8;2304.0;83.0;7004860416.0;41.0;211108524032.0;724.57;33.61;"2025-04-09 12:54:07"
139;8.3;2304.0;83.0;7004905472.0;41.0;211108524032.0;724.57;33.61;"2025-04-09 12:54:07"
140;5.0;2304.0;83.0;7004901376.0;41.0;211108524032.0;724.57;33.61;"2025-04-09 12:54:07"
141;20.0;2304.0;83.0;7004901376.0;41.0;211108524032.0;724.57;33.61;"2025-04-09 12:54:07"
142;9.1;2304.0;83.0;7004901376.0;41.0;211108524032.0;724.57;33.61;"2025-04-09 12:54:07"
143;4.2;2304.0;83.0;7004909568.0;41.0;211108524032.0;724.57;33.61;"2025-04-09 12:54:07"
144;13.3;2304.0;83.0;7004909568.0;41.0;211108524032.0;724.57;33.61;"2025-04-09 12:54:07"
145;10.0;2304.0;83.0;7004909568.0;41.0;211108524032.0;724.57;33.61;"2025-04-09 12:54:07"
146;14.3;2304.0;83.0;7004909568.0;41.0;211108524032.0;724.57;33.61;"2025-04-09 12:54:07"
147;12.5;2304.0;83.0;7004909568.0;41.0;211108524032.0;724.57;33.61;"2025-04-09 12:54:07"
148;15.0;2304.0;83.0;7004909568.0;41.0;211108524032.0;724.57;33.61;"2025-04-09 12:54:07"
149;7.4;2304.0;83.0;7004884992.0;41.0;211108524032.0;724.57;33.61;"2025-04-09 12:54:07"
150;11.8;2304.0;83.0;7004880896.0;41.0;211108524032.0;724.57;33.61;"2025-04-09 12:54:07"
151;5.0;2304.0;83.0;7004876800.0;41.0;211108524032.0;724.57;33.61;"2025-04-09 12:54:07"
152;6.9;2304.0;83.0;7004876800.0;41.0;211108524032.0;724.57;33.61;"2025-04-09 12:54:07"
153;12.5;2304.0;83.0;7004868608.0;41.0;211108524032.0;724.57;33.61;"2025-04-09 12:54:07"
154;10.5;2304.0;83.0;7004872704.0;41.0;211108524032.0;724.57;33.61;"2025-04-09 12:54:07"
155;7.4;2304.0;83.0;7004860416.0;41.0;211108524032.0;724.57;33.61;"2025-04-09 12:54:07"
156;11.1;2304.0;83.0;7004860416.0;41.0;211108524032.0;724.57;33.61;"2025-04-09 12:54:07"
157;20.0;2304.0;83.0;7004864512.0;41.0;211108524032.0;724.57;33.61;"2025-04-09 12:54:07"
158;10.0;2304.0;83.0;7004868608.0;41.0;211108524032.0;724.57;33.61;"2025-04-09 12:54:07"
159;26.7;2304.0;83.0;7004872704.0;41.0;211108524032.0;724.57;33.61;"2025-04-09 12:54:07"
160;5.3;2304.0;83.0;7004880896.0;41.0;211108524032.0;724.57;33.61;"2025-04-09 12:54:08"
161;6.2;2304.0;83.0;7004880896.0;41.0;211108524032.0;724.57;33.61;"2025-04-09 12:54:08"
162;8.0;2304.0;83.0;7004868608.0;41.0;211108524032.0;724.57;33.61;"2025-04-09 12:54:08"
163;4.3;2304.0;83.0;7004868608.0;41.0;211108524032.0;724.57;33.61;"2025-04-09 12:54:08"
164;10.3;2304.0;83.0;7004856320.0;41.0;211108528128.0;724.57;33.61;"2025-04-09 12:54:08"
165;5.0;2304.0;83.0;7004856320.0;41.0;211108528128.0;724.57;33.61;"2025-04-09 12:54:08"
166;6.2;2304.0;83.0;7005323264.0;41.0;211108528128.0;724.57;33.61;"2025-04-09 12:54:08"
167;3.8;2304.0;83.0;7005327360.0;41.0;211108528128.0;724.57;33.61;"2025-04-09 12:54:08"
168;13.6;2304.0;83.0;7006924800.0;41.0;211108528128.0;724.57;33.61;"2025-04-09 12:54:08"
169;0.0;2304.0;83.0;7008235520.0;41.0;211108528128.0;724.57;33.61;"2025-04-09 12:54:08"
170;6.2;2304.0;83.0;7008235520.0;41.0;211108528128.0;724.57;33.61;"2025-04-09 12:54:08"
171;11.5;2304.0;83.0;7008235520.0;41.0;211108528128.0;724.57;33.61;"2025-04-09 12:54:08"
172;4.5;2304.0;83.0;7008235520.0;41.0;211108593664.0;724.57;33.61;"2025-04-09 12:54:08"
173;6.2;2304.0;83.0;7008239616.0;41.0;211108593664.0;724.57;33.61;"2025-04-09 12:54:08"
174;25.0;2304.0;83.0;7008227328.0;41.0;211108593664.0;724.57;33.61;"2025-04-09 12:54:08"
175;8.3;2304.0;83.0;7008194560.0;41.0;211108593664.0;724.57;33.61;"2025-04-09 12:54:08"
176;4.8;2304.0;83.0;7008198656.0;41.0;211108593664.0;724.57;33.61;"2025-04-09 12:54:08"
177;33.3;2304.0;83.0;7007944704.0;41.0;211108593664.0;724.57;33.61;"2025-04-09 12:54:08"
178;17.6;2304.0;83.0;7007719424.0;41.0;211108605952.0;724.57;33.61;"2025-04-09 12:54:08"
179;24.0;2304.0;83.0;7009558528.0;41.0;211108597760.0;724.57;33.61;"2025-04-09 12:54:08"
180;21.1;2304.0;83.0;7013715968.0;41.0;211108593664.0;724.57;33.61;"2025-04-09 12:54:08"
181;9.5;2304.0;83.0;7013507072.0;41.0;211108593664.0;724.57;33.61;"2025-04-09 12:54:08"
182;22.6;2304.0;83.0;7005892608.0;41.0;211108593664.0;724.57;33.61;"2025-04-09 12:54:08"
183;35.3;2304.0;83.0;7006347264.0;41.0;211108593664.0;724.57;33.61;"2025-04-09 12:54:08"
184;32.1;2304.0;84.0;7020650496.0;41.0;211108593664.0;724.57;33.61;"2025-04-09 12:54:08"
185;6.7;2304.0;84.0;7020027904.0;41.0;211108593664.0;724.57;33.61;"2025-04-09 12:54:08"
186;13.6;2304.0;84.0;7020023808.0;41.0;211108593664.0;724.57;33.61;"2025-04-09 12:54:08"
187;6.2;2304.0;84.0;7020023808.0;41.0;211108593664.0;724.57;33.61;"2025-04-09 12:54:08"
188;13.0;2304.0;84.0;7020023808.0;41.0;211108593664.0;724.57;33.61;"2025-04-09 12:54:08"
189;4.8;2304.0;84.0;7019982848.0;41.0;211108593664.0;724.57;33.61;"2025-04-09 12:54:08"
190;14.3;2304.0;84.0;7019970560.0;41.0;211108593664.0;724.57;33.61;"2025-04-09 12:54:08"
191;4.5;2304.0;84.0;7019970560.0;41.0;211108593664.0;724.57;33.61;"2025-04-09 12:54:08"
192;4.8;2304.0;84.0;7019978752.0;41.0;211108593664.0;724.57;33.61;"2025-04-09 12:54:08"
193;6.7;2304.0;84.0;7019962368.0;41.0;211108593664.0;724.57;33.61;"2025-04-09 12:54:08"
194;0.0;2304.0;84.0;7019966464.0;41.0;211108593664.0;724.57;33.61;"2025-04-09 12:54:08"
195;6.2;2304.0;84.0;7019966464.0;41.0;211108593664.0;724.57;33.61;"2025-04-09 12:54:08"
196;25.9;2304.0;84.0;7019958272.0;41.0;211108593664.0;724.57;33.61;"2025-04-09 12:54:08"
197;5.3;2304.0;84.0;7019962368.0;41.0;211108593664.0;724.57;33.61;"2025-04-09 12:54:08"
198;5.3;2304.0;84.0;7019962368.0;41.0;211108593664.0;724.57;33.61;"2025-04-09 12:54:08"
199;37.5;2304.0;84.0;7019962368.0;41.0;211108593664.0;724.57;33.61;"2025-04-09 12:54:08"
200;19.4;2304.0;84.0;7019933696.0;41.0;211108593664.0;724.58;33.61;"2025-04-09 12:54:08"
201;7.1;2304.0;84.0;7019933696.0;41.0;211108593664.0;724.58;33.61;"2025-04-09 12:54:08"
202;11.1;2304.0;84.0;7019933696.0;41.0;211108593664.0;724.58;33.61;"2025-04-09 12:54:08"
203;35.3;2304.0;84.0;7019933696.0;41.0;211108593664.0;724.58;33.61;"2025-04-09 12:54:08"
204;9.5;2304.0;84.0;7019929600.0;41.0;211108593664.0;724.58;33.61;"2025-04-09 12:54:08"
205;9.1;2304.0;84.0;7019937792.0;41.0;211108593664.0;724.58;33.61;"2025-04-09 12:54:08"
206;6.2;2304.0;84.0;7019941888.0;41.0;211108593664.0;724.59;33.61;"2025-04-09 12:54:08"
207;4.8;2304.0;84.0;7020003328.0;41.0;211108593664.0;724.59;33.61;"2025-04-09 12:54:08"
208;12.5;2304.0;84.0;7019622400.0;41.0;211108593664.0;724.59;33.61;"2025-04-09 12:54:08"
209;34.4;2304.0;84.0;7019659264.0;41.0;211108593664.0;724.59;33.61;"2025-04-09 12:54:08"
210;11.8;2304.0;84.0;7019503616.0;41.0;211108593664.0;724.59;33.61;"2025-04-09 12:54:09"
211;12.5;2304.0;84.0;7019343872.0;41.0;211108593664.0;724.59;33.61;"2025-04-09 12:54:09"
212;26.9;2304.0;84.0;7019102208.0;41.0;211108593664.0;724.59;33.61;"2025-04-09 12:54:09"
213;17.4;2304.0;84.0;7018934272.0;41.0;211108593664.0;724.59;33.62;"2025-04-09 12:54:09"
214;12.5;2304.0;84.0;7019073536.0;41.0;211108593664.0;724.59;33.62;"2025-04-09 12:54:09"
215;15.4;2304.0;84.0;7019069440.0;41.0;211108593664.0;724.59;33.62;"2025-04-09 12:54:09"
216;10.5;2304.0;84.0;7018819584.0;41.0;211108593664.0;724.59;33.62;"2025-04-09 12:54:09"
217;5.3;2304.0;84.0;7019036672.0;41.0;211108593664.0;724.59;33.62;"2025-04-09 12:54:09"
218;18.8;2304.0;84.0;7022665728.0;41.0;211108593664.0;724.61;33.62;"2025-04-09 12:54:09"
219;15.4;2304.0;84.0;7022665728.0;41.0;211108593664.0;724.61;33.62;"2025-04-09 12:54:09"
220;5.6;2304.0;84.0;7022653440.0;41.0;211108593664.0;724.61;33.62;"2025-04-09 12:54:09"
221;5.0;2304.0;84.0;7022776320.0;41.0;211108593664.0;724.61;33.62;"2025-04-09 12:54:09"
222;12.5;2304.0;84.0;7022776320.0;41.0;211108593664.0;724.61;33.62;"2025-04-09 12:54:09"
223;13.0;2304.0;84.0;7022776320.0;41.0;211108593664.0;724.61;33.62;"2025-04-09 12:54:09"
224;5.0;2304.0;84.0;7022780416.0;41.0;211108593664.0;724.61;33.62;"2025-04-09 12:54:09"
225;4.8;2304.0;84.0;7022784512.0;41.0;211108593664.0;724.61;33.62;"2025-04-09 12:54:09"
226;6.2;2304.0;84.0;7022780416.0;41.0;211108593664.0;724.61;33.62;"2025-04-09 12:54:09"
227;6.2;2304.0;84.0;7022792704.0;41.0;211108593664.0;724.61;33.62;"2025-04-09 12:54:09"
228;33.3;2304.0;84.0;7022792704.0;41.0;211108593664.0;724.61;33.62;"2025-04-09 12:54:09"
229;4.2;2304.0;84.0;7022792704.0;41.0;211108593664.0;724.61;33.62;"2025-04-09 12:54:09"
230;6.2;2304.0;84.0;7022796800.0;41.0;211108593664.0;724.61;33.62;"2025-04-09 12:54:09"
231;6.2;2304.0;84.0;7022800896.0;41.0;211108593664.0;724.61;33.62;"2025-04-09 12:54:09"
232;8.3;2304.0;84.0;7022800896.0;41.0;211108593664.0;724.61;33.62;"2025-04-09 12:54:09"
233;4.2;2304.0;84.0;7022587904.0;41.0;211108601856.0;724.61;33.62;"2025-04-09 12:54:09"
234;6.2;2304.0;84.0;7022583808.0;41.0;211108601856.0;724.61;33.62;"2025-04-09 12:54:09"
235;6.2;2304.0;84.0;7022587904.0;41.0;211108601856.0;724.61;33.62;"2025-04-09 12:54:09"
236;6.2;2304.0;84.0;7026253824.0;41.0;211108601856.0;724.61;33.62;"2025-04-09 12:54:09"
237;15.6;2304.0;84.0;7026253824.0;41.0;211108601856.0;724.61;33.62;"2025-04-09 12:54:09"
238;12.5;2304.0;84.0;7026257920.0;41.0;211108601856.0;724.61;33.62;"2025-04-09 12:54:09"
239;6.2;2304.0;84.0;7026257920.0;41.0;211108601856.0;724.61;33.62;"2025-04-09 12:54:09"
240;6.2;2304.0;84.0;7026257920.0;41.0;211108601856.0;724.61;33.62;"2025-04-09 12:54:09"
241;8.3;2304.0;84.0;7026257920.0;41.0;211108601856.0;724.61;33.62;"2025-04-09 12:54:09"
242;4.2;2304.0;84.0;7026315264.0;41.0;211108601856.0;724.61;33.62;"2025-04-09 12:54:09"
243;17.6;2304.0;84.0;7026343936.0;41.0;211108601856.0;724.61;33.62;"2025-04-09 12:54:09"
244;6.2;2304.0;84.0;7026188288.0;41.0;211108601856.0;724.61;33.62;"2025-04-09 12:54:09"
245;7.7;2304.0;84.0;7026188288.0;41.0;211108601856.0;724.61;33.62;"2025-04-09 12:54:09"
246;4.5;2304.0;84.0;7026180096.0;41.0;211108601856.0;724.61;33.62;"2025-04-09 12:54:09"
247;6.2;2304.0;84.0;7026130944.0;41.0;211108601856.0;724.61;33.62;"2025-04-09 12:54:09"
248;6.2;2304.0;84.0;7026143232.0;41.0;211108667392.0;724.61;33.62;"2025-04-09 12:54:09"
249;8.3;2304.0;84.0;7026143232.0;41.0;211108667392.0;724.61;33.62;"2025-04-09 12:54:09"
250;4.3;2304.0;84.0;7026102272.0;41.0;211108667392.0;724.61;33.62;"2025-04-09 12:54:09"
251;5.9;2304.0;84.0;7026102272.0;41.0;211108667392.0;724.61;33.62;"2025-04-09 12:54:09"
252;6.2;2304.0;84.0;7026102272.0;41.0;211108667392.0;724.61;33.62;"2025-04-09 12:54:09"
253;6.2;2304.0;84.0;7026073600.0;41.0;211108667392.0;724.61;33.62;"2025-04-09 12:54:09"
254;9.4;2304.0;84.0;7026073600.0;41.0;211108667392.0;724.61;33.62;"2025-04-09 12:54:09"
255;6.2;2304.0;84.0;7028494336.0;41.0;211108667392.0;724.61;33.62;"2025-04-09 12:54:09"
256;6.2;2304.0;84.0;7028375552.0;41.0;211108667392.0;724.61;33.62;"2025-04-09 12:54:09"
257;18.8;2304.0;84.0;7028371456.0;41.0;211108667392.0;724.61;33.62;"2025-04-09 12:54:09"
258;17.4;2304.0;84.0;7028363264.0;41.0;211108667392.0;724.61;33.62;"2025-04-09 12:54:09"
259;4.0;2304.0;84.0;7028387840.0;41.0;211108667392.0;724.61;33.62;"2025-04-09 12:54:09"
260;6.2;2304.0;84.0;7028277248.0;41.0;211108667392.0;724.61;33.62;"2025-04-09 12:54:09"
261;6.2;2304.0;84.0;7028277248.0;41.0;211108667392.0;724.61;33.62;"2025-04-09 12:54:10"
262;6.2;2304.0;84.0;7028289536.0;41.0;211108667392.0;724.61;33.62;"2025-04-09 12:54:10"
263;15.6;2304.0;84.0;7028297728.0;41.0;211108667392.0;724.61;33.62;"2025-04-09 12:54:10"
264;17.6;2304.0;84.0;7028297728.0;41.0;211108667392.0;724.61;33.62;"2025-04-09 12:54:10"
265;6.2;2304.0;84.0;7028273152.0;41.0;211108667392.0;724.61;33.62;"2025-04-09 12:54:10"
266;17.6;2304.0;84.0;7028277248.0;41.0;211108667392.0;724.61;33.62;"2025-04-09 12:54:10"
267;12.5;2304.0;84.0;7028011008.0;41.0;211108667392.0;724.61;33.62;"2025-04-09 12:54:10"
268;6.2;2304.0;84.0;7028006912.0;41.0;211108667392.0;724.61;33.62;"2025-04-09 12:54:10"
269;6.2;2304.0;84.0;7028002816.0;41.0;211108667392.0;724.61;33.62;"2025-04-09 12:54:10"
270;6.2;2304.0;84.0;7028006912.0;41.0;211108667392.0;724.61;33.62;"2025-04-09 12:54:10"
271;46.7;2304.0;84.0;7032610816.0;41.0;211108667392.0;724.61;33.62;"2025-04-09 12:54:10"
272;5.6;2304.0;84.0;7032610816.0;41.0;211108667392.0;724.61;33.62;"2025-04-09 12:54:10"
273;25.0;2304.0;84.0;7032610816.0;41.0;211108667392.0;724.61;33.62;"2025-04-09 12:54:10"
274;11.1;2304.0;84.0;7032610816.0;41.0;211108667392.0;724.61;33.62;"2025-04-09 12:54:10"
275;14.3;2304.0;84.0;7032610816.0;41.0;211108667392.0;724.61;33.62;"2025-04-09 12:54:10"
276;5.0;2304.0;84.0;7032532992.0;41.0;211108667392.0;724.61;33.62;"2025-04-09 12:54:10"
277;18.2;2304.0;84.0;7032500224.0;41.0;211108667392.0;724.61;33.62;"2025-04-09 12:54:10"
278;5.0;2304.0;84.0;7032487936.0;41.0;211108667392.0;724.61;33.62;"2025-04-09 12:54:10"
279;5.6;2304.0;84.0;7032479744.0;41.0;211108667392.0;724.61;33.62;"2025-04-09 12:54:10"
280;77.3;2304.0;84.0;7034187776.0;41.0;211108667392.0;724.61;33.62;"2025-04-09 12:54:10"
281;62.5;2304.0;84.0;7023968256.0;41.0;211108667392.0;724.61;33.62;"2025-04-09 12:54:10"
282;6.2;2304.0;84.0;7023697920.0;41.0;211108667392.0;724.62;33.62;"2025-04-09 12:54:10"
283;36.4;2304.0;84.0;7023697920.0;41.0;211108667392.0;724.62;33.62;"2025-04-09 12:54:10"
284;26.9;2304.0;84.0;7023329280.0;41.0;211108667392.0;724.62;33.62;"2025-04-09 12:54:10"
285;16.7;2304.0;84.0;7022301184.0;41.0;211108667392.0;724.62;33.62;"2025-04-09 12:54:10"
286;47.1;2304.0;84.0;7022321664.0;41.0;211108667392.0;724.62;33.62;"2025-04-09 12:54:10"
287;16.7;2304.0;84.0;7022313472.0;41.0;211108667392.0;724.63;33.62;"2025-04-09 12:54:10"
288;23.5;2304.0;84.0;7022321664.0;41.0;211108667392.0;724.63;33.62;"2025-04-09 12:54:10"
289;23.1;2304.0;84.0;7022313472.0;41.0;211108667392.0;724.63;33.62;"2025-04-09 12:54:10"
290;4.8;2304.0;84.0;7022309376.0;41.0;211108667392.0;724.64;33.62;"2025-04-09 12:54:10"
291;10.3;2304.0;84.0;7022317568.0;41.0;211108667392.0;724.64;33.62;"2025-04-09 12:54:10"
292;7.1;2304.0;84.0;7022313472.0;41.0;211108667392.0;724.64;33.63;"2025-04-09 12:54:10"
293;15.0;2304.0;84.0;7022313472.0;41.0;211108667392.0;724.64;33.63;"2025-04-09 12:54:10"
294;5.6;2304.0;84.0;7022227456.0;41.0;211108667392.0;724.64;33.63;"2025-04-09 12:54:10"
295;6.2;2304.0;84.0;7022231552.0;41.0;211108667392.0;724.64;33.63;"2025-04-09 12:54:10"
296;18.5;2304.0;84.0;7022231552.0;41.0;211108667392.0;724.64;33.63;"2025-04-09 12:54:10"
297;5.0;2304.0;84.0;7022231552.0;41.0;211108667392.0;724.64;33.63;"2025-04-09 12:54:10"
298;5.6;2304.0;84.0;7022227456.0;41.0;211108667392.0;724.64;33.63;"2025-04-09 12:54:10"
299;35.3;2304.0;84.0;7022211072.0;41.0;211108667392.0;724.64;33.63;"2025-04-09 12:54:10"
300;12.5;2304.0;84.0;7022182400.0;41.0;211108667392.0;724.64;33.63;"2025-04-09 12:54:10"
301;7.1;2304.0;84.0;7022186496.0;41.0;211108655104.0;724.64;33.63;"2025-04-09 12:54:10"
302;10.0;2304.0;84.0;7021678592.0;41.0;211108655104.0;724.64;33.63;"2025-04-09 12:54:10"
303;29.4;2304.0;84.0;7021654016.0;41.0;211108655104.0;724.64;33.63;"2025-04-09 12:54:10"
304;12.5;2304.0;84.0;7021592576.0;41.0;211108663296.0;724.64;33.63;"2025-04-09 12:54:10"
305;14.3;2304.0;84.0;7021600768.0;41.0;211108663296.0;724.64;33.63;"2025-04-09 12:54:10"
306;17.6;2304.0;84.0;7021633536.0;41.0;211108663296.0;724.64;33.63;"2025-04-09 12:54:10"
307;5.0;2304.0;84.0;7021637632.0;41.0;211108663296.0;724.64;33.63;"2025-04-09 12:54:10"
308;0.0;2304.0;84.0;7021658112.0;41.0;211108663296.0;724.64;33.63;"2025-04-09 12:54:10"
309;19.0;2304.0;84.0;7021658112.0;41.0;211108663296.0;724.64;33.63;"2025-04-09 12:54:10"
310;5.6;2304.0;84.0;7021666304.0;41.0;211108663296.0;724.64;33.63;"2025-04-09 12:54:10"
311;11.5;2304.0;84.0;7021674496.0;41.0;211108663296.0;724.64;33.63;"2025-04-09 12:54:10"
312;18.8;2304.0;84.0;7021629440.0;41.0;211108663296.0;724.64;33.63;"2025-04-09 12:54:10"
313;6.2;2304.0;84.0;7021633536.0;41.0;211108663296.0;724.64;33.63;"2025-04-09 12:54:11"
314;7.7;2304.0;84.0;7021613056.0;41.0;211108663296.0;724.64;33.63;"2025-04-09 12:54:11"
315;13.6;2304.0;84.0;7021629440.0;41.0;211108663296.0;724.64;33.63;"2025-04-09 12:54:11"
316;6.2;2304.0;84.0;7021629440.0;41.0;211108663296.0;724.64;33.63;"2025-04-09 12:54:11"
317;6.2;2304.0;84.0;7021633536.0;41.0;211108663296.0;724.64;33.63;"2025-04-09 12:54:11"
318;6.2;2304.0;84.0;7021633536.0;41.0;211108663296.0;724.64;33.64;"2025-04-09 12:54:11"
319;19.2;2304.0;84.0;7021625344.0;41.0;211108663296.0;724.64;33.64;"2025-04-09 12:54:11"
320;13.0;2304.0;84.0;7021625344.0;41.0;211108663296.0;724.64;33.64;"2025-04-09 12:54:11"
321;6.2;2304.0;84.0;7021621248.0;41.0;211108663296.0;724.64;33.64;"2025-04-09 12:54:11"
322;18.8;2304.0;84.0;7021629440.0;41.0;211108663296.0;724.64;33.64;"2025-04-09 12:54:11"
323;12.5;2304.0;84.0;7021625344.0;41.0;211108663296.0;724.64;33.64;"2025-04-09 12:54:11"
324;14.3;2304.0;84.0;7021641728.0;41.0;211108663296.0;724.64;33.64;"2025-04-09 12:54:11"
325;15.0;2304.0;84.0;7033647104.0;41.0;211108663296.0;724.64;33.64;"2025-04-09 12:54:11"
326;12.5;2304.0;84.0;7033647104.0;41.0;211108663296.0;724.64;33.64;"2025-04-09 12:54:11"
327;17.6;2304.0;84.0;7033647104.0;41.0;211108663296.0;724.64;33.64;"2025-04-09 12:54:11"
328;6.2;2304.0;84.0;7033651200.0;41.0;211108663296.0;724.64;33.64;"2025-04-09 12:54:11"
329;12.0;2304.0;84.0;7033643008.0;41.0;211108663296.0;724.64;33.64;"2025-04-09 12:54:11"
330;16.7;2304.0;84.0;7026102272.0;41.0;211108659200.0;724.64;33.64;"2025-04-09 12:54:11"
331;6.2;2304.0;84.0;7026098176.0;41.0;211108659200.0;724.64;33.64;"2025-04-09 12:54:11"
332;6.2;2304.0;84.0;7026098176.0;41.0;211108659200.0;724.64;33.64;"2025-04-09 12:54:11"
333;6.2;2304.0;84.0;7026016256.0;41.0;211108659200.0;724.64;33.64;"2025-04-09 12:54:11"
334;15.6;2304.0;84.0;7025983488.0;41.0;211108659200.0;724.64;33.64;"2025-04-09 12:54:11"
335;12.5;2304.0;84.0;7025696768.0;41.0;211108659200.0;724.64;33.64;"2025-04-09 12:54:11"
336;6.2;2304.0;84.0;7025696768.0;41.0;211108659200.0;724.64;33.64;"2025-04-09 12:54:11"
337;6.2;2304.0;84.0;7025696768.0;41.0;211108659200.0;724.64;33.64;"2025-04-09 12:54:11"
338;6.2;2304.0;84.0;7025537024.0;41.0;211108659200.0;724.64;33.64;"2025-04-09 12:54:11"
339;21.7;2304.0;84.0;7024209920.0;41.0;211108659200.0;724.64;33.64;"2025-04-09 12:54:11"
340;3.8;2304.0;84.0;7024209920.0;41.0;211108659200.0;724.64;33.64;"2025-04-09 12:54:11"
341;13.3;2304.0;84.0;7024185344.0;41.0;211108659200.0;724.64;33.64;"2025-04-09 12:54:11"
342;11.8;2304.0;84.0;7024177152.0;41.0;211108659200.0;724.64;33.64;"2025-04-09 12:54:11"
343;9.4;2304.0;84.0;7024181248.0;41.0;211108659200.0;724.64;33.64;"2025-04-09 12:54:11"
344;6.2;2304.0;84.0;7024177152.0;41.0;211108724736.0;724.64;33.64;"2025-04-09 12:54:11"
345;28.6;2304.0;84.0;7024181248.0;41.0;211108724736.0;724.64;33.64;"2025-04-09 12:54:11"
346;10.5;2304.0;84.0;7024181248.0;41.0;211108724736.0;724.64;33.64;"2025-04-09 12:54:11"
347;8.3;2304.0;84.0;7024185344.0;41.0;211108724736.0;724.64;33.64;"2025-04-09 12:54:11"
348;8.0;2304.0;84.0;7024189440.0;41.0;211108724736.0;724.64;33.64;"2025-04-09 12:54:11"
349;5.0;2304.0;84.0;7023865856.0;41.0;211108724736.0;724.65;33.64;"2025-04-09 12:54:11"
350;15.0;2304.0;84.0;7023845376.0;41.0;211108724736.0;724.65;33.64;"2025-04-09 12:54:11"
351;5.6;2304.0;84.0;7023845376.0;41.0;211108724736.0;724.65;33.64;"2025-04-09 12:54:11"
352;20.0;2304.0;84.0;7023845376.0;41.0;211108724736.0;724.65;33.64;"2025-04-09 12:54:11"
353;16.7;2304.0;84.0;7023779840.0;41.0;211108724736.0;724.65;33.64;"2025-04-09 12:54:11"
354;8.0;2304.0;84.0;7023755264.0;41.0;211108724736.0;724.65;33.64;"2025-04-09 12:54:11"
355;26.7;2304.0;84.0;7023755264.0;41.0;211108724736.0;724.65;33.64;"2025-04-09 12:54:11"
356;12.5;2304.0;84.0;7023759360.0;41.0;211108724736.0;724.65;33.64;"2025-04-09 12:54:11"
357;20.0;2304.0;84.0;7023759360.0;41.0;211108724736.0;724.65;33.64;"2025-04-09 12:54:11"
358;17.2;2304.0;84.0;7023734784.0;41.0;211108724736.0;724.65;33.64;"2025-04-09 12:54:11"
359;29.4;2304.0;84.0;7023730688.0;41.0;211108724736.0;724.67;33.64;"2025-04-09 12:54:11"
360;11.1;2304.0;84.0;7023726592.0;41.0;211108724736.0;724.67;33.64;"2025-04-09 12:54:11"
361;7.7;2304.0;84.0;7023763456.0;41.0;211108724736.0;724.67;33.64;"2025-04-09 12:54:11"
362;25.0;2304.0;84.0;7023607808.0;41.0;211108724736.0;724.68;33.64;"2025-04-09 12:54:11"
363;6.9;2304.0;84.0;7023579136.0;41.0;211108724736.0;724.68;33.64;"2025-04-09 12:54:11"
364;6.7;2304.0;84.0;7023579136.0;41.0;211108724736.0;724.68;33.64;"2025-04-09 12:54:11"
365;23.5;2304.0;84.0;7023579136.0;41.0;211108724736.0;724.68;33.64;"2025-04-09 12:54:11"
366;5.3;2304.0;84.0;7023550464.0;41.0;211108724736.0;724.68;33.64;"2025-04-09 12:54:12"
367;6.2;2304.0;84.0;7023554560.0;41.0;211108724736.0;724.68;33.64;"2025-04-09 12:54:12"
368;11.1;2304.0;84.0;7023493120.0;41.0;211108724736.0;724.68;33.64;"2025-04-09 12:54:12"
369;6.7;2304.0;84.0;7023435776.0;41.0;211108724736.0;724.68;33.64;"2025-04-09 12:54:12"
370;5.3;2304.0;84.0;7023435776.0;41.0;211108724736.0;724.68;33.64;"2025-04-09 12:54:12"
371;5.3;2304.0;84.0;7023443968.0;41.0;211108724736.0;724.68;33.64;"2025-04-09 12:54:12"
372;18.8;2304.0;84.0;7023448064.0;41.0;211108724736.0;724.68;33.64;"2025-04-09 12:54:12"
373;4.2;2304.0;84.0;7023452160.0;41.0;211108724736.0;724.68;33.64;"2025-04-09 12:54:12"
374;15.0;2304.0;84.0;7023452160.0;41.0;211108724736.0;724.68;33.64;"2025-04-09 12:54:12"
375;10.5;2304.0;84.0;7023439872.0;41.0;211108724736.0;724.68;33.64;"2025-04-09 12:54:12"
376;20.0;2304.0;84.0;7023439872.0;41.0;211108724736.0;724.68;33.64;"2025-04-09 12:54:12"
377;5.6;2304.0;84.0;7023398912.0;41.0;211108732928.0;724.68;33.64;"2025-04-09 12:54:12"
378;10.0;2304.0;84.0;7023403008.0;41.0;211108732928.0;724.68;33.64;"2025-04-09 12:54:12"
379;5.3;2304.0;84.0;7028256768.0;41.0;211108732928.0;724.68;33.64;"2025-04-09 12:54:12"
380;14.3;2304.0;84.0;7028256768.0;41.0;211108732928.0;724.68;33.64;"2025-04-09 12:54:12"
381;5.3;2304.0;84.0;7028256768.0;41.0;211108732928.0;724.68;33.64;"2025-04-09 12:54:12"
382;20.0;2304.0;84.0;7028256768.0;41.0;211108732928.0;724.68;33.64;"2025-04-09 12:54:12"
383;12.0;2304.0;84.0;7028252672.0;41.0;211108732928.0;724.68;33.64;"2025-04-09 12:54:12"
384;15.8;2304.0;84.0;7028224000.0;41.0;211108732928.0;724.68;33.64;"2025-04-09 12:54:12"
385;16.7;2304.0;84.0;7028092928.0;41.0;211108732928.0;724.68;33.64;"2025-04-09 12:54:12"
386;10.5;2304.0;84.0;7028092928.0;41.0;211108732928.0;724.68;33.64;"2025-04-09 12:54:12"
387;4.0;2304.0;84.0;7028088832.0;41.0;211108732928.0;724.68;33.64;"2025-04-09 12:54:12"
388;31.2;2304.0;84.0;7028011008.0;41.0;211108732928.0;724.68;33.64;"2025-04-09 12:54:12"
389;4.8;2304.0;84.0;7028002816.0;41.0;211108732928.0;724.68;33.64;"2025-04-09 12:54:12"
390;6.2;2304.0;84.0;7027961856.0;41.0;211108732928.0;724.68;33.64;"2025-04-09 12:54:12"
391;6.2;2304.0;84.0;7027961856.0;41.0;211108732928.0;724.68;33.64;"2025-04-09 12:54:12"
392;20.8;2304.0;84.0;7027961856.0;41.0;211108732928.0;724.68;33.64;"2025-04-09 12:54:12"
393;15.0;2304.0;84.0;7027671040.0;41.0;211108732928.0;724.68;33.64;"2025-04-09 12:54:12"
394;13.6;2304.0;84.0;7027589120.0;41.0;211108732928.0;724.68;33.64;"2025-04-09 12:54:12"
395;12.5;2304.0;84.0;7027589120.0;41.0;211108732928.0;724.68;33.64;"2025-04-09 12:54:12"
396;12.5;2304.0;84.0;7027597312.0;41.0;211108732928.0;724.68;33.64;"2025-04-09 12:54:12"
397;6.2;2304.0;84.0;7027601408.0;41.0;211108732928.0;724.68;33.64;"2025-04-09 12:54:12"
398;7.7;2304.0;84.0;7027597312.0;41.0;211108732928.0;724.68;33.64;"2025-04-09 12:54:12"
399;16.7;2304.0;84.0;7027560448.0;41.0;211108732928.0;724.68;33.64;"2025-04-09 12:54:12"
400;18.2;2304.0;84.0;7027560448.0;41.0;211108732928.0;724.68;33.64;"2025-04-09 12:54:12"
401;6.2;2304.0;84.0;7027560448.0;41.0;211108732928.0;724.68;33.64;"2025-04-09 12:54:12"
402;13.3;2304.0;84.0;7027535872.0;41.0;211108732928.0;724.68;33.64;"2025-04-09 12:54:12"
403;9.5;2304.0;84.0;7027306496.0;41.0;211108732928.0;724.68;33.64;"2025-04-09 12:54:12"
404;8.7;2304.0;84.0;7027163136.0;41.0;211108732928.0;724.68;33.64;"2025-04-09 12:54:12"
405;27.3;2304.0;84.0;7026819072.0;41.0;211108732928.0;724.68;33.64;"2025-04-09 12:54:12"
406;12.5;2304.0;84.0;7026819072.0;41.0;211108732928.0;724.68;33.64;"2025-04-09 12:54:12"
407;6.2;2304.0;84.0;7026819072.0;41.0;211108732928.0;724.68;33.64;"2025-04-09 12:54:12"
408;35.5;2304.0;84.0;7026823168.0;41.0;211108732928.0;724.68;33.64;"2025-04-09 12:54:12"
409;58.8;2304.0;84.0;7019450368.0;41.0;211108732928.0;724.68;33.64;"2025-04-09 12:54:12"
410;6.2;2304.0;84.0;7019311104.0;41.0;211108732928.0;724.68;33.64;"2025-04-09 12:54:12"
411;6.2;2304.0;84.0;7019311104.0;41.0;211108732928.0;724.68;33.64;"2025-04-09 12:54:12"
412;12.5;2304.0;84.0;7019315200.0;41.0;211108732928.0;724.68;33.64;"2025-04-09 12:54:12"
413;17.6;2304.0;84.0;7019315200.0;41.0;211108732928.0;724.68;33.64;"2025-04-09 12:54:12"
414;17.6;2304.0;84.0;7019204608.0;41.0;211108732928.0;724.68;33.64;"2025-04-09 12:54:12"
415;23.5;2304.0;84.0;7019175936.0;41.0;211108732928.0;724.68;33.64;"2025-04-09 12:54:12"
416;6.2;2304.0;83.0;7006474240.0;41.0;211108732928.0;724.68;33.64;"2025-04-09 12:54:12"
417;9.4;2304.0;83.0;7006441472.0;41.0;211108732928.0;724.68;33.64;"2025-04-09 12:54:12"
418;6.2;2304.0;83.0;7006441472.0;41.0;211108732928.0;724.68;33.64;"2025-04-09 12:54:12"
419;6.2;2304.0;83.0;7006425088.0;41.0;211108732928.0;724.68;33.64;"2025-04-09 12:54:13"
420;6.2;2304.0;83.0;7006420992.0;41.0;211108933632.0;724.68;33.64;"2025-04-09 12:54:13"
421;12.5;2304.0;83.0;7007121408.0;41.0;211108933632.0;724.68;33.64;"2025-04-09 12:54:13"
422;6.2;2304.0;83.0;7005278208.0;41.0;211107295232.0;724.68;33.64;"2025-04-09 12:54:13"
423;6.2;2304.0;83.0;7005286400.0;41.0;211107295232.0;724.68;33.64;"2025-04-09 12:54:13"
424;6.2;2304.0;83.0;7005286400.0;41.0;211107295232.0;724.69;33.64;"2025-04-09 12:54:13"
425;9.4;2304.0;83.0;7005274112.0;41.0;211107295232.0;724.69;33.64;"2025-04-09 12:54:13"
426;17.6;2304.0;83.0;7003979776.0;41.0;211107295232.0;724.69;33.64;"2025-04-09 12:54:13"
427;25.0;2304.0;83.0;7003979776.0;41.0;211107295232.0;724.69;33.64;"2025-04-09 12:54:13"
428;23.1;2304.0;83.0;7003983872.0;41.0;211107295232.0;724.7;33.64;"2025-04-09 12:54:13"
429;29.2;2304.0;83.0;7003987968.0;41.0;211107295232.0;724.7;33.64;"2025-04-09 12:54:13"
430;7.4;2304.0;83.0;7003508736.0;41.0;211107295232.0;724.71;33.64;"2025-04-09 12:54:13"
431;16.7;2304.0;83.0;7003504640.0;41.0;211107295232.0;724.71;33.64;"2025-04-09 12:54:13"
432;15.0;2304.0;83.0;7002906624.0;41.0;211107295232.0;724.71;33.64;"2025-04-09 12:54:13"
433;20.0;2304.0;83.0;7013949440.0;41.0;211107295232.0;724.71;33.64;"2025-04-09 12:54:13"
434;16.7;2304.0;83.0;7013949440.0;41.0;211107295232.0;724.71;33.64;"2025-04-09 12:54:13"
435;20.0;2304.0;83.0;7013957632.0;41.0;211107295232.0;724.71;33.64;"2025-04-09 12:54:13"
436;16.7;2304.0;83.0;7013879808.0;41.0;211107295232.0;724.71;33.64;"2025-04-09 12:54:13"
437;5.6;2304.0;83.0;7013879808.0;41.0;211107295232.0;724.71;33.64;"2025-04-09 12:54:13"
438;11.8;2304.0;83.0;7013879808.0;41.0;211107295232.0;724.71;33.64;"2025-04-09 12:54:13"
439;6.2;2304.0;83.0;7013879808.0;41.0;211107295232.0;724.71;33.64;"2025-04-09 12:54:13"
440;3.1;2304.0;83.0;7013879808.0;41.0;211107295232.0;724.71;33.64;"2025-04-09 12:54:13"
441;23.1;2304.0;83.0;7013883904.0;41.0;211107295232.0;724.71;33.64;"2025-04-09 12:54:13"
442;5.3;2304.0;83.0;7013875712.0;41.0;211107295232.0;724.71;33.64;"2025-04-09 12:54:13"
443;6.2;2304.0;83.0;7013875712.0;41.0;211107295232.0;724.71;33.64;"2025-04-09 12:54:13"
444;11.5;2304.0;83.0;7013875712.0;41.0;211107295232.0;724.71;33.64;"2025-04-09 12:54:13"
445;10.5;2304.0;83.0;7013875712.0;41.0;211107295232.0;724.71;33.64;"2025-04-09 12:54:13"
446;11.8;2304.0;83.0;7013867520.0;41.0;211107295232.0;724.71;33.64;"2025-04-09 12:54:13"
447;5.6;2304.0;83.0;7013875712.0;41.0;211107295232.0;724.71;33.64;"2025-04-09 12:54:13"
448;18.8;2304.0;83.0;7013855232.0;41.0;211107360768.0;724.71;33.64;"2025-04-09 12:54:13"
449;12.0;2304.0;83.0;7013908480.0;41.0;211107360768.0;724.71;33.64;"2025-04-09 12:54:13"
450;4.8;2304.0;83.0;7013908480.0;41.0;211107360768.0;724.71;33.64;"2025-04-09 12:54:13"
451;43.8;2304.0;83.0;7013908480.0;41.0;211107360768.0;724.71;33.64;"2025-04-09 12:54:13"
452;6.2;2304.0;83.0;7013904384.0;41.0;211107360768.0;724.71;33.64;"2025-04-09 12:54:13"
453;5.3;2304.0;83.0;7013912576.0;41.0;211107360768.0;724.71;33.64;"2025-04-09 12:54:13"
454;10.3;2304.0;83.0;7013912576.0;41.0;211107360768.0;724.71;33.64;"2025-04-09 12:54:13"
455;5.3;2304.0;83.0;7013912576.0;41.0;211107360768.0;724.71;33.64;"2025-04-09 12:54:13"
456;6.7;2304.0;83.0;7013916672.0;41.0;211107360768.0;724.71;33.64;"2025-04-09 12:54:13"
457;7.1;2304.0;83.0;7013916672.0;41.0;211107360768.0;724.71;33.64;"2025-04-09 12:54:13"
458;25.0;2304.0;83.0;7013916672.0;41.0;211107360768.0;724.71;33.64;"2025-04-09 12:54:13"
459;3.7;2304.0;83.0;7013916672.0;41.0;211107360768.0;724.71;33.64;"2025-04-09 12:54:13"
460;5.0;2304.0;83.0;7013920768.0;41.0;211107360768.0;724.71;33.64;"2025-04-09 12:54:13"
461;12.5;2304.0;83.0;7013920768.0;41.0;211107360768.0;724.71;33.64;"2025-04-09 12:54:13"
462;0.0;2304.0;83.0;7013920768.0;41.0;211107360768.0;724.71;33.64;"2025-04-09 12:54:13"
463;5.3;2304.0;83.0;7013916672.0;41.0;211107360768.0;724.71;33.64;"2025-04-09 12:54:13"
464;14.3;2304.0;83.0;7013924864.0;41.0;211107360768.0;724.71;33.64;"2025-04-09 12:54:13"
465;8.3;2304.0;83.0;7013924864.0;41.0;211107360768.0;724.71;33.64;"2025-04-09 12:54:13"
466;5.6;2304.0;83.0;7012569088.0;41.0;211107360768.0;724.71;33.64;"2025-04-09 12:54:13"
467;4.8;2304.0;83.0;7012560896.0;41.0;211107360768.0;724.71;33.64;"2025-04-09 12:54:13"
468;20.0;2304.0;83.0;7012564992.0;41.0;211107360768.0;724.71;33.64;"2025-04-09 12:54:13"
469;5.6;2304.0;83.0;7000580096.0;41.0;211107360768.0;724.71;33.64;"2025-04-09 12:54:13"
470;7.4;2304.0;83.0;7000584192.0;41.0;211107360768.0;724.71;33.64;"2025-04-09 12:54:13"
471;27.8;2304.0;83.0;7000588288.0;41.0;211107360768.0;724.71;33.64;"2025-04-09 12:54:13"
472;6.2;2304.0;83.0;7000588288.0;41.0;211107360768.0;724.71;33.64;"2025-04-09 12:54:14"
473;5.0;2304.0;83.0;7000588288.0;41.0;211107360768.0;724.71;33.64;"2025-04-09 12:54:14"
474;11.1;2304.0;83.0;7000551424.0;41.0;211107360768.0;724.71;33.64;"2025-04-09 12:54:14"
475;5.9;2304.0;83.0;7000559616.0;41.0;211107360768.0;724.71;33.64;"2025-04-09 12:54:14"
476;5.6;2304.0;83.0;7000535040.0;41.0;211107360768.0;724.71;33.64;"2025-04-09 12:54:14"
477;15.8;2304.0;83.0;7000551424.0;41.0;211107360768.0;724.71;33.64;"2025-04-09 12:54:14"
478;7.7;2304.0;83.0;7000535040.0;41.0;211107360768.0;724.71;33.64;"2025-04-09 12:54:14"
479;5.6;2304.0;83.0;7000535040.0;41.0;211107360768.0;724.71;33.64;"2025-04-09 12:54:14"
480;5.3;2304.0;83.0;7000535040.0;41.0;211107360768.0;724.71;33.64;"2025-04-09 12:54:14"
481;23.1;2304.0;83.0;7000543232.0;41.0;211107360768.0;724.71;33.64;"2025-04-09 12:54:14"
482;5.0;2304.0;83.0;7000543232.0;41.0;211107360768.0;724.71;33.64;"2025-04-09 12:54:14"
483;6.2;2304.0;83.0;7000547328.0;41.0;211107360768.0;724.71;33.64;"2025-04-09 12:54:14"
484;11.1;2304.0;83.0;7000543232.0;41.0;211107360768.0;724.71;33.64;"2025-04-09 12:54:14"
485;5.9;2304.0;83.0;7000547328.0;41.0;211107360768.0;724.71;33.64;"2025-04-09 12:54:14"
486;21.1;2304.0;83.0;7000530944.0;41.0;211107360768.0;724.71;33.64;"2025-04-09 12:54:14"
487;5.6;2304.0;83.0;7000522752.0;41.0;211107360768.0;724.71;33.64;"2025-04-09 12:54:14"
488;18.8;2304.0;83.0;7000526848.0;41.0;211107360768.0;724.71;33.64;"2025-04-09 12:54:14"
489;8.0;2304.0;83.0;7006875648.0;41.0;211107360768.0;724.71;33.64;"2025-04-09 12:54:14"
490;13.6;2304.0;83.0;7006883840.0;41.0;211107360768.0;724.71;33.64;"2025-04-09 12:54:14"
491;5.6;2304.0;83.0;7006826496.0;41.0;211107360768.0;724.71;33.64;"2025-04-09 12:54:14"
492;12.5;2304.0;83.0;7005392896.0;41.0;211107360768.0;724.71;33.64;"2025-04-09 12:54:14"
493;19.0;2304.0;83.0;7005392896.0;41.0;211107360768.0;724.72;33.64;"2025-04-09 12:54:14"
494;21.7;2304.0;83.0;7005384704.0;41.0;211107360768.0;724.72;33.64;"2025-04-09 12:54:14"
495;5.6;2304.0;83.0;7005380608.0;41.0;211107360768.0;724.72;33.64;"2025-04-09 12:54:14"
496;15.0;2304.0;83.0;7005290496.0;41.0;211107360768.0;724.72;33.64;"2025-04-09 12:54:14"
497;6.2;2304.0;83.0;7005290496.0;41.0;211107360768.0;724.72;33.64;"2025-04-09 12:54:14"
498;16.7;2304.0;83.0;7005294592.0;41.0;211107360768.0;724.72;33.64;"2025-04-09 12:54:14"
499;4.8;2304.0;83.0;7005294592.0;41.0;211107360768.0;724.72;33.64;"2025-04-09 12:54:14"
500;15.8;2304.0;83.0;7005253632.0;41.0;211107360768.0;724.73;33.64;"2025-04-09 12:54:14"
501;33.3;2304.0;83.0;7005130752.0;41.0;211107360768.0;724.73;33.64;"2025-04-09 12:54:14"
502;4.5;2304.0;83.0;7005134848.0;41.0;211107360768.0;724.73;33.64;"2025-04-09 12:54:14"
503;13.6;2304.0;83.0;7005138944.0;41.0;211107360768.0;724.73;33.64;"2025-04-09 12:54:14"
504;4.8;2304.0;83.0;7005143040.0;41.0;211107360768.0;724.73;33.64;"2025-04-09 12:54:14"
505;6.2;2304.0;83.0;7005143040.0;41.0;211107360768.0;724.73;33.64;"2025-04-09 12:54:14"
506;6.2;2304.0;83.0;7005089792.0;41.0;211107360768.0;724.74;33.64;"2025-04-09 12:54:14"
507;8.0;2304.0;83.0;7004426240.0;41.0;211107360768.0;724.74;33.64;"2025-04-09 12:54:14"
508;4.8;2304.0;83.0;7004225536.0;41.0;211107360768.0;724.74;33.64;"2025-04-09 12:54:14"
509;5.6;2304.0;83.0;7004160000.0;41.0;211107360768.0;724.74;33.64;"2025-04-09 12:54:14"
510;17.6;2304.0;83.0;7004160000.0;41.0;211107360768.0;724.74;33.64;"2025-04-09 12:54:14"
511;18.8;2304.0;83.0;7004160000.0;41.0;211107360768.0;724.74;33.64;"2025-04-09 12:54:14"
512;11.5;2304.0;83.0;7004160000.0;41.0;211107360768.0;724.74;33.64;"2025-04-09 12:54:14"
513;5.6;2304.0;83.0;7004155904.0;41.0;211107360768.0;724.74;33.64;"2025-04-09 12:54:14"
514;5.0;2304.0;83.0;7004037120.0;41.0;211107360768.0;724.74;33.64;"2025-04-09 12:54:14"
515;12.5;2304.0;83.0;7004041216.0;41.0;211107360768.0;724.74;33.64;"2025-04-09 12:54:14"
516;6.2;2304.0;83.0;7004045312.0;41.0;211107360768.0;724.74;33.64;"2025-04-09 12:54:14"
517;19.2;2304.0;83.0;7004041216.0;41.0;211107426304.0;724.74;33.64;"2025-04-09 12:54:14"
518;4.8;2304.0;83.0;7003799552.0;41.0;211107426304.0;724.74;33.64;"2025-04-09 12:54:14"
519;5.9;2304.0;83.0;7003803648.0;41.0;211107426304.0;724.74;33.64;"2025-04-09 12:54:14"
520;6.2;2304.0;83.0;7003803648.0;41.0;211107426304.0;724.74;33.64;"2025-04-09 12:54:14"
521;25.0;2304.0;83.0;7003656192.0;41.0;211107434496.0;724.74;33.64;"2025-04-09 12:54:14"
522;14.3;2304.0;83.0;7003152384.0;41.0;211107434496.0;724.74;33.64;"2025-04-09 12:54:14"
523;0.0;2304.0;83.0;6990180352.0;41.0;211107434496.0;724.74;33.64;"2025-04-09 12:54:14"
524;12.5;2304.0;83.0;6990155776.0;41.0;211107434496.0;724.74;33.64;"2025-04-09 12:54:14"
525;6.2;2304.0;83.0;6990147584.0;41.0;211107434496.0;724.74;33.64;"2025-04-09 12:54:15"
526;6.2;2304.0;83.0;6990155776.0;41.0;211107434496.0;724.74;33.64;"2025-04-09 12:54:15"
527;8.3;2304.0;83.0;6990082048.0;41.0;211107434496.0;724.74;33.64;"2025-04-09 12:54:15"
528;0.0;2304.0;83.0;6990065664.0;41.0;211107434496.0;724.74;33.64;"2025-04-09 12:54:15"
529;6.2;2304.0;83.0;6990008320.0;41.0;211107434496.0;724.74;33.64;"2025-04-09 12:54:15"
530;17.6;2304.0;83.0;6990004224.0;41.0;211107434496.0;724.74;33.64;"2025-04-09 12:54:15"
531;18.2;2304.0;83.0;6990004224.0;41.0;211107434496.0;724.74;33.64;"2025-04-09 12:54:15"
532;11.1;2304.0;83.0;6990008320.0;41.0;211107434496.0;724.74;33.64;"2025-04-09 12:54:15"
533;6.2;2304.0;83.0;6990012416.0;41.0;211107434496.0;724.74;33.64;"2025-04-09 12:54:15"
534;6.2;2304.0;83.0;6989848576.0;41.0;211107434496.0;724.74;33.64;"2025-04-09 12:54:15"
535;6.2;2304.0;83.0;6989852672.0;41.0;211107434496.0;724.74;33.64;"2025-04-09 12:54:15"
536;6.2;2304.0;83.0;6989852672.0;41.0;211107434496.0;724.74;33.64;"2025-04-09 12:54:15"
537;37.5;2304.0;83.0;6989557760.0;41.0;211107434496.0;724.74;33.64;"2025-04-09 12:54:15"
538;37.5;2304.0;83.0;6982295552.0;41.0;211107434496.0;724.74;33.64;"2025-04-09 12:54:15"
539;6.2;2304.0;83.0;6982303744.0;41.0;211107434496.0;724.74;33.64;"2025-04-09 12:54:15"
540;18.8;2304.0;83.0;6982303744.0;41.0;211107434496.0;724.74;33.64;"2025-04-09 12:54:15"
541;6.2;2304.0;83.0;6982303744.0;41.0;211107434496.0;724.74;33.64;"2025-04-09 12:54:15"
542;6.2;2304.0;83.0;6985953280.0;41.0;211107434496.0;724.74;33.64;"2025-04-09 12:54:15"
543;6.2;2304.0;83.0;6992789504.0;41.0;211107434496.0;724.74;33.64;"2025-04-09 12:54:15"
544;6.2;2304.0;83.0;6992789504.0;41.0;211107434496.0;724.74;33.64;"2025-04-09 12:54:15"
545;6.2;2304.0;83.0;6992793600.0;41.0;211107434496.0;724.74;33.64;"2025-04-09 12:54:15"
546;6.2;2304.0;83.0;6992637952.0;41.0;211107434496.0;724.74;33.64;"2025-04-09 12:54:15"
547;6.7;2304.0;83.0;6992625664.0;41.0;211107434496.0;724.74;33.64;"2025-04-09 12:54:15"
548;5.6;2304.0;83.0;6992613376.0;41.0;211107434496.0;724.74;33.64;"2025-04-09 12:54:15"
549;6.2;2304.0;83.0;6992609280.0;41.0;211107434496.0;724.74;33.64;"2025-04-09 12:54:15"
550;23.5;2304.0;83.0;6992551936.0;41.0;211107434496.0;724.74;33.64;"2025-04-09 12:54:15"
551;6.2;2304.0;83.0;6992556032.0;41.0;211107434496.0;724.74;33.64;"2025-04-09 12:54:15"
552;15.6;2304.0;83.0;6992556032.0;41.0;211107434496.0;724.74;33.64;"2025-04-09 12:54:15"
553;14.3;2304.0;83.0;6992547840.0;41.0;211107434496.0;724.74;33.64;"2025-04-09 12:54:15"
554;18.8;2304.0;83.0;6992547840.0;41.0;211107434496.0;724.74;33.64;"2025-04-09 12:54:15"
555;17.6;2304.0;83.0;6992551936.0;41.0;211107434496.0;724.74;33.64;"2025-04-09 12:54:15"
556;8.7;2304.0;83.0;6992556032.0;41.0;211107434496.0;724.74;33.64;"2025-04-09 12:54:15"
557;8.3;2304.0;83.0;6992556032.0;41.0;211107434496.0;724.74;33.64;"2025-04-09 12:54:15"
558;7.1;2304.0;83.0;6992568320.0;41.0;211107434496.0;724.74;33.64;"2025-04-09 12:54:15"
559;15.0;2304.0;83.0;6992572416.0;41.0;211107434496.0;724.74;33.64;"2025-04-09 12:54:15"
560;18.8;2304.0;83.0;6992568320.0;41.0;211107434496.0;724.74;33.64;"2025-04-09 12:54:15"
561;5.6;2304.0;83.0;6992375808.0;41.0;211107434496.0;724.74;33.64;"2025-04-09 12:54:15"
562;7.1;2304.0;83.0;6992375808.0;41.0;211107434496.0;724.74;33.64;"2025-04-09 12:54:15"
563;18.8;2304.0;83.0;6992375808.0;41.0;211107434496.0;724.74;33.64;"2025-04-09 12:54:15"
564;6.2;2304.0;83.0;6992379904.0;41.0;211107434496.0;724.74;33.64;"2025-04-09 12:54:15"
565;5.9;2304.0;83.0;6990319616.0;41.0;211107434496.0;724.74;33.64;"2025-04-09 12:54:15"
566;4.2;2304.0;83.0;6989881344.0;41.0;211107434496.0;724.74;33.64;"2025-04-09 12:54:15"
567;4.2;2304.0;83.0;6989873152.0;41.0;211107434496.0;724.74;33.64;"2025-04-09 12:54:15"
568;5.9;2304.0;83.0;6989754368.0;41.0;211107434496.0;724.74;33.64;"2025-04-09 12:54:15"
569;6.2;2304.0;83.0;6989754368.0;41.0;211107434496.0;724.74;33.64;"2025-04-09 12:54:15"
570;11.1;2304.0;83.0;6989594624.0;41.0;211107434496.0;724.74;33.64;"2025-04-09 12:54:15"
571;6.2;2304.0;83.0;6989590528.0;41.0;211107434496.0;724.74;33.64;"2025-04-09 12:54:15"
572;11.1;2304.0;83.0;6989537280.0;41.0;211107434496.0;724.74;33.64;"2025-04-09 12:54:15"
573;21.1;2304.0;83.0;6989537280.0;41.0;211107434496.0;724.75;33.64;"2025-04-09 12:54:15"
574;21.1;2304.0;83.0;6989516800.0;41.0;211107434496.0;724.75;33.64;"2025-04-09 12:54:15"
575;6.2;2304.0;83.0;6988947456.0;41.0;211107434496.0;724.75;33.64;"2025-04-09 12:54:15"
576;11.5;2304.0;83.0;6988988416.0;41.0;211107434496.0;724.75;33.64;"2025-04-09 12:54:15"
577;5.3;2304.0;83.0;6988996608.0;41.0;211107434496.0;724.76;33.64;"2025-04-09 12:54:16"
578;5.6;2304.0;83.0;6988840960.0;41.0;211107434496.0;724.76;33.64;"2025-04-09 12:54:16"
579;5.9;2304.0;83.0;6988845056.0;41.0;211107434496.0;724.76;33.65;"2025-04-09 12:54:16"
580;5.0;2304.0;83.0;6988845056.0;41.0;211107434496.0;724.76;33.65;"2025-04-09 12:54:16"
581;2.6;2304.0;83.0;6988849152.0;41.0;211107434496.0;724.76;33.65;"2025-04-09 12:54:16"
582;4.8;2304.0;83.0;6988845056.0;41.0;211107434496.0;724.76;33.65;"2025-04-09 12:54:16"
583;11.5;2304.0;83.0;6988845056.0;41.0;211107434496.0;724.76;33.65;"2025-04-09 12:54:16"
584;5.0;2304.0;83.0;6988857344.0;41.0;211107438592.0;724.77;33.65;"2025-04-09 12:54:16"
585;38.9;2304.0;83.0;6988853248.0;41.0;211107434496.0;724.77;33.65;"2025-04-09 12:54:16"
586;15.8;2304.0;83.0;6988861440.0;41.0;211107434496.0;724.77;33.65;"2025-04-09 12:54:16"
587;6.2;2304.0;83.0;6988853248.0;41.0;211107434496.0;724.77;33.65;"2025-04-09 12:54:16"
588;12.0;2304.0;83.0;6988857344.0;41.0;211107434496.0;724.77;33.65;"2025-04-09 12:54:16"
589;6.2;2304.0;83.0;6988857344.0;41.0;211107434496.0;724.77;33.65;"2025-04-09 12:54:16"
590;4.8;2304.0;83.0;6988857344.0;41.0;211107434496.0;724.77;33.65;"2025-04-09 12:54:16"
591;5.6;2304.0;83.0;6988836864.0;41.0;211107446784.0;724.77;33.65;"2025-04-09 12:54:16"
592;23.5;2304.0;83.0;6988763136.0;41.0;211107446784.0;724.77;33.65;"2025-04-09 12:54:16"
593;6.2;2304.0;83.0;6988771328.0;41.0;211107446784.0;724.77;33.65;"2025-04-09 12:54:16"
594;6.9;2304.0;83.0;6988771328.0;41.0;211107446784.0;724.77;33.65;"2025-04-09 12:54:16"
595;15.0;2304.0;83.0;6988767232.0;41.0;211107446784.0;724.77;33.65;"2025-04-09 12:54:16"
596;6.2;2304.0;83.0;6988767232.0;41.0;211107446784.0;724.77;33.65;"2025-04-09 12:54:16"
597;6.2;2304.0;83.0;6991523840.0;41.0;211107446784.0;724.77;33.65;"2025-04-09 12:54:16"
598;12.5;2304.0;83.0;6991527936.0;41.0;211107446784.0;724.77;33.65;"2025-04-09 12:54:16"
599;4.0;2304.0;83.0;6991532032.0;41.0;211107446784.0;724.77;33.65;"2025-04-09 12:54:16"
600;6.2;2304.0;83.0;6991519744.0;41.0;211107446784.0;724.77;33.65;"2025-04-09 12:54:16"
601;6.2;2304.0;83.0;6991519744.0;41.0;211107446784.0;724.77;33.65;"2025-04-09 12:54:16"
602;12.5;2304.0;83.0;6991519744.0;41.0;211107446784.0;724.77;33.65;"2025-04-09 12:54:16"
603;9.4;2304.0;83.0;6991515648.0;41.0;211107446784.0;724.77;33.65;"2025-04-09 12:54:16"
604;6.2;2304.0;83.0;6991519744.0;41.0;211107446784.0;724.77;33.65;"2025-04-09 12:54:16"
605;12.5;2304.0;83.0;6991511552.0;41.0;211107446784.0;724.77;33.65;"2025-04-09 12:54:16"
606;6.2;2304.0;83.0;6991179776.0;41.0;211107446784.0;724.77;33.65;"2025-04-09 12:54:16"
607;9.4;2304.0;83.0;6991183872.0;41.0;211107446784.0;724.77;33.65;"2025-04-09 12:54:16"
608;6.2;2304.0;83.0;6991175680.0;41.0;211107446784.0;724.77;33.65;"2025-04-09 12:54:16"
609;6.2;2304.0;83.0;6991175680.0;41.0;211107446784.0;724.77;33.65;"2025-04-09 12:54:16"
610;6.2;2304.0;83.0;6991179776.0;41.0;211107446784.0;724.77;33.65;"2025-04-09 12:54:16"
611;6.2;2304.0;83.0;6991183872.0;41.0;211107446784.0;724.77;33.65;"2025-04-09 12:54:16"
612;8.0;2304.0;83.0;6991187968.0;41.0;211107446784.0;724.77;33.65;"2025-04-09 12:54:16"
613;15.0;2304.0;83.0;6991179776.0;41.0;211107446784.0;724.77;33.65;"2025-04-09 12:54:16"
614;6.2;2304.0;83.0;6991175680.0;41.0;211107446784.0;724.77;33.65;"2025-04-09 12:54:16"
615;17.6;2304.0;83.0;6991179776.0;41.0;211107446784.0;724.77;33.65;"2025-04-09 12:54:16"
616;5.3;2304.0;83.0;6991179776.0;41.0;211107446784.0;724.77;33.65;"2025-04-09 12:54:16"
617;10.7;2304.0;83.0;6991179776.0;41.0;211107446784.0;724.77;33.65;"2025-04-09 12:54:16"
618;12.5;2304.0;83.0;6991187968.0;41.0;211107446784.0;724.77;33.65;"2025-04-09 12:54:16"
619;6.7;2304.0;83.0;6991208448.0;41.0;211107446784.0;724.77;33.65;"2025-04-09 12:54:16"
620;4.8;2304.0;83.0;6991208448.0;41.0;211107446784.0;724.77;33.65;"2025-04-09 12:54:16"
621;6.2;2304.0;83.0;6991208448.0;41.0;211107446784.0;724.77;33.65;"2025-04-09 12:54:16"
622;12.5;2304.0;83.0;6991208448.0;41.0;211107446784.0;724.77;33.65;"2025-04-09 12:54:16"
623;14.3;2304.0;83.0;6991208448.0;41.0;211107446784.0;724.77;33.65;"2025-04-09 12:54:16"
624;6.2;2304.0;83.0;6991204352.0;41.0;211107446784.0;724.77;33.65;"2025-04-09 12:54:16"
625;6.2;2304.0;83.0;6991216640.0;41.0;211107446784.0;724.77;33.65;"2025-04-09 12:54:16"
626;5.0;2304.0;83.0;6991200256.0;41.0;211107446784.0;724.77;33.65;"2025-04-09 12:54:16"
627;4.8;2304.0;83.0;6991200256.0;41.0;211107446784.0;724.77;33.65;"2025-04-09 12:54:16"
628;5.0;2304.0;83.0;6991200256.0;41.0;211107446784.0;724.77;33.65;"2025-04-09 12:54:16"
629;5.3;2304.0;83.0;6991192064.0;41.0;211107446784.0;724.77;33.65;"2025-04-09 12:54:16"
630;5.6;2304.0;83.0;6991228928.0;41.0;211107446784.0;724.77;33.65;"2025-04-09 12:54:17"
631;5.6;2304.0;83.0;6991224832.0;41.0;211107446784.0;724.77;33.65;"2025-04-09 12:54:17"
632;19.0;2304.0;83.0;6991224832.0;41.0;211107446784.0;724.77;33.65;"2025-04-09 12:54:17"
633;7.4;2304.0;83.0;6991233024.0;41.0;211107446784.0;724.77;33.65;"2025-04-09 12:54:17"
634;7.7;2304.0;83.0;6991233024.0;41.0;211107446784.0;724.77;33.65;"2025-04-09 12:54:17"
635;6.2;2304.0;83.0;6991228928.0;41.0;211107446784.0;724.77;33.65;"2025-04-09 12:54:17"
636;5.0;2304.0;83.0;6991237120.0;41.0;211107446784.0;724.77;33.65;"2025-04-09 12:54:17"
637;6.2;2304.0;83.0;6991007744.0;41.0;211107446784.0;724.77;33.65;"2025-04-09 12:54:17"
638;11.1;2304.0;83.0;6991011840.0;41.0;211107446784.0;724.77;33.65;"2025-04-09 12:54:17"
639;12.5;2304.0;83.0;6991011840.0;41.0;211107446784.0;724.77;33.65;"2025-04-09 12:54:17"
640;13.6;2304.0;83.0;6991015936.0;41.0;211107446784.0;724.77;33.65;"2025-04-09 12:54:17"
641;6.2;2304.0;83.0;6990643200.0;41.0;211107446784.0;724.77;33.65;"2025-04-09 12:54:17"
642;26.1;2304.0;83.0;6990647296.0;41.0;211107446784.0;724.77;33.65;"2025-04-09 12:54:17"
643;4.8;2304.0;83.0;6990647296.0;41.0;211107446784.0;724.77;33.65;"2025-04-09 12:54:17"
644;19.0;2304.0;83.0;6990647296.0;41.0;211107446784.0;724.78;33.65;"2025-04-09 12:54:17"
645;12.5;2304.0;83.0;6990647296.0;41.0;211107516416.0;724.78;33.65;"2025-04-09 12:54:17"
646;4.5;2304.0;83.0;6990643200.0;41.0;211107516416.0;724.78;33.65;"2025-04-09 12:54:17"
647;4.3;2304.0;83.0;6990647296.0;41.0;211107516416.0;724.78;33.65;"2025-04-09 12:54:17"
648;6.2;2304.0;83.0;6990630912.0;41.0;211107516416.0;724.78;33.65;"2025-04-09 12:54:17"
649;10.5;2304.0;83.0;6990635008.0;41.0;211107516416.0;724.78;33.65;"2025-04-09 12:54:17"
650;6.2;2304.0;83.0;6990618624.0;41.0;211107516416.0;724.79;33.65;"2025-04-09 12:54:17"
651;12.5;2304.0;83.0;6991712256.0;41.0;211107516416.0;724.79;33.65;"2025-04-09 12:54:17"
652;15.0;2304.0;83.0;6991712256.0;41.0;211107516416.0;724.79;33.65;"2025-04-09 12:54:17"
653;4.8;2304.0;83.0;6991712256.0;41.0;211107516416.0;724.79;33.65;"2025-04-09 12:54:17"
654;18.8;2304.0;83.0;6991712256.0;41.0;211107516416.0;724.79;33.65;"2025-04-09 12:54:17"
655;17.6;2304.0;83.0;6991716352.0;41.0;211107516416.0;724.79;33.65;"2025-04-09 12:54:17"
656;4.2;2304.0;83.0;6991716352.0;41.0;211107516416.0;724.8;33.65;"2025-04-09 12:54:17"
657;5.0;2304.0;83.0;6991704064.0;41.0;211107516416.0;724.8;33.65;"2025-04-09 12:54:17"
658;5.0;2304.0;83.0;6991708160.0;41.0;211107516416.0;724.8;33.65;"2025-04-09 12:54:17"
659;6.2;2304.0;83.0;6991708160.0;41.0;211107516416.0;724.8;33.65;"2025-04-09 12:54:17"
660;6.2;2304.0;83.0;6991708160.0;41.0;211107516416.0;724.8;33.65;"2025-04-09 12:54:17"
661;7.7;2304.0;83.0;6989983744.0;41.0;211107516416.0;724.8;33.65;"2025-04-09 12:54:17"
662;5.6;2304.0;83.0;6989983744.0;41.0;211107516416.0;724.8;33.65;"2025-04-09 12:54:17"
663;5.0;2304.0;83.0;6989963264.0;41.0;211107520512.0;724.8;33.65;"2025-04-09 12:54:17"
664;17.6;2304.0;83.0;6989963264.0;41.0;211107520512.0;724.8;33.65;"2025-04-09 12:54:17"
665;6.2;2304.0;83.0;6989971456.0;41.0;211107520512.0;724.8;33.65;"2025-04-09 12:54:17"
666;4.3;2304.0;83.0;6989971456.0;41.0;211107520512.0;724.8;33.65;"2025-04-09 12:54:17"
667;36.0;2304.0;83.0;6989848576.0;41.0;211107520512.0;724.8;33.65;"2025-04-09 12:54:17"
668;9.4;2304.0;83.0;6982594560.0;41.0;211107520512.0;724.8;33.65;"2025-04-09 12:54:17"
669;17.6;2304.0;83.0;6982598656.0;41.0;211107520512.0;724.8;33.65;"2025-04-09 12:54:17"
670;5.3;2304.0;83.0;6982590464.0;41.0;211107520512.0;724.8;33.65;"2025-04-09 12:54:17"
671;3.8;2304.0;83.0;6982594560.0;41.0;211107520512.0;724.8;33.65;"2025-04-09 12:54:17"
672;5.6;2304.0;83.0;6982582272.0;41.0;211107520512.0;724.8;33.65;"2025-04-09 12:54:17"
673;17.6;2304.0;83.0;6982336512.0;41.0;211107520512.0;724.8;33.65;"2025-04-09 12:54:17"
674;6.2;2304.0;83.0;6982340608.0;41.0;211107520512.0;724.8;33.65;"2025-04-09 12:54:17"
675;6.2;2304.0;83.0;6982340608.0;41.0;211107520512.0;724.8;33.65;"2025-04-09 12:54:17"
676;16.7;2304.0;83.0;6982340608.0;41.0;211107520512.0;724.8;33.65;"2025-04-09 12:54:17"
677;4.3;2304.0;83.0;6982201344.0;41.0;211107520512.0;724.8;33.65;"2025-04-09 12:54:17"
678;5.9;2304.0;83.0;6982197248.0;41.0;211107520512.0;724.8;33.65;"2025-04-09 12:54:17"
679;6.2;2304.0;83.0;6982193152.0;41.0;211107520512.0;724.8;33.65;"2025-04-09 12:54:17"
680;14.3;2304.0;83.0;6981148672.0;41.0;211107520512.0;724.8;33.65;"2025-04-09 12:54:17"
681;13.0;2304.0;83.0;6981156864.0;41.0;211107520512.0;724.8;33.65;"2025-04-09 12:54:17"
682;4.8;2304.0;83.0;6968352768.0;41.0;211107520512.0;724.8;33.65;"2025-04-09 12:54:18"
683;0.0;2304.0;83.0;6968299520.0;41.0;211107520512.0;724.8;33.65;"2025-04-09 12:54:18"
684;6.2;2304.0;83.0;6968299520.0;41.0;211107520512.0;724.8;33.65;"2025-04-09 12:54:18"
685;6.2;2304.0;83.0;6968299520.0;41.0;211107520512.0;724.8;33.65;"2025-04-09 12:54:18"
686;17.9;2304.0;83.0;6968283136.0;41.0;211107520512.0;724.8;33.65;"2025-04-09 12:54:18"
687;14.3;2304.0;83.0;6968283136.0;41.0;211107520512.0;724.8;33.65;"2025-04-09 12:54:18"
688;17.6;2304.0;83.0;6968283136.0;41.0;211107520512.0;724.8;33.65;"2025-04-09 12:54:18"
689;6.2;2304.0;83.0;6968254464.0;41.0;211107586048.0;724.8;33.65;"2025-04-09 12:54:18"
690;6.2;2304.0;83.0;6968254464.0;41.0;211107586048.0;724.8;33.65;"2025-04-09 12:54:18"
691;12.0;2304.0;83.0;6968246272.0;41.0;211107586048.0;724.8;33.65;"2025-04-09 12:54:18"
692;12.5;2304.0;83.0;6968197120.0;41.0;211107586048.0;724.8;33.65;"2025-04-09 12:54:18"
693;12.5;2304.0;83.0;6968197120.0;41.0;211107586048.0;724.8;33.65;"2025-04-09 12:54:18"
694;6.2;2304.0;83.0;6968197120.0;41.0;211107586048.0;724.8;33.65;"2025-04-09 12:54:18"
695;8.0;2304.0;83.0;6968197120.0;41.0;211107586048.0;724.8;33.65;"2025-04-09 12:54:18"
696;13.0;2304.0;83.0;6968197120.0;41.0;211107586048.0;724.8;33.65;"2025-04-09 12:54:18"
697;6.2;2304.0;83.0;6968139776.0;41.0;211107586048.0;724.8;33.65;"2025-04-09 12:54:18"
698;17.6;2304.0;83.0;6968139776.0;41.0;211107586048.0;724.8;33.65;"2025-04-09 12:54:18"
699;6.2;2304.0;83.0;6968143872.0;41.0;211107586048.0;724.8;33.65;"2025-04-09 12:54:18"
700;9.4;2304.0;83.0;6968147968.0;41.0;211107586048.0;724.8;33.65;"2025-04-09 12:54:18"
701;17.6;2304.0;83.0;6967951360.0;41.0;211107586048.0;724.8;33.65;"2025-04-09 12:54:18"
702;17.6;2304.0;83.0;6967955456.0;41.0;211107586048.0;724.8;33.65;"2025-04-09 12:54:18"
703;41.2;2304.0;83.0;6967959552.0;41.0;211107586048.0;724.8;33.65;"2025-04-09 12:54:18"
704;6.2;2304.0;83.0;6967959552.0;41.0;211107586048.0;724.8;33.65;"2025-04-09 12:54:18"
705;12.9;2304.0;83.0;6967939072.0;41.0;211107586048.0;724.8;33.65;"2025-04-09 12:54:18"
706;5.9;2304.0;83.0;6967926784.0;41.0;211107586048.0;724.8;33.65;"2025-04-09 12:54:18"
707;30.8;2304.0;83.0;6978551808.0;41.0;211107586048.0;724.8;33.65;"2025-04-09 12:54:18"
708;5.3;2304.0;83.0;6978551808.0;41.0;211107586048.0;724.8;33.65;"2025-04-09 12:54:18"
709;83.3;2304.0;83.0;6971572224.0;41.0;211107586048.0;724.8;33.65;"2025-04-09 12:54:18"
710;9.5;2304.0;83.0;6968619008.0;41.0;211107586048.0;724.8;33.65;"2025-04-09 12:54:18"
711;17.6;2304.0;83.0;6968623104.0;41.0;211107586048.0;724.8;33.65;"2025-04-09 12:54:18"
712;12.5;2304.0;83.0;6968619008.0;41.0;211107586048.0;724.8;33.65;"2025-04-09 12:54:18"
713;13.9;2304.0;83.0;6968606720.0;41.0;211107586048.0;724.8;33.65;"2025-04-09 12:54:18"
714;38.5;2304.0;83.0;6968614912.0;41.0;211107586048.0;724.8;33.65;"2025-04-09 12:54:18"
715;6.7;2304.0;83.0;6968619008.0;41.0;211107586048.0;724.8;33.65;"2025-04-09 12:54:18"
716;5.0;2304.0;83.0;6968619008.0;41.0;211107586048.0;724.81;33.65;"2025-04-09 12:54:18"
717;12.9;2304.0;83.0;6968610816.0;41.0;211107586048.0;724.81;33.65;"2025-04-09 12:54:18"
718;21.4;2304.0;83.0;6968340480.0;41.0;211107586048.0;724.81;33.65;"2025-04-09 12:54:18"
719;28.6;2304.0;83.0;6968340480.0;41.0;211107586048.0;724.81;33.65;"2025-04-09 12:54:18"
720;19.0;2304.0;83.0;6968344576.0;41.0;211107586048.0;724.81;33.65;"2025-04-09 12:54:18"
721;7.7;2304.0;83.0;6968348672.0;41.0;211107586048.0;724.81;33.65;"2025-04-09 12:54:18"
722;9.1;2304.0;83.0;6968348672.0;41.0;211107586048.0;724.82;33.65;"2025-04-09 12:54:18"
723;20.0;2304.0;83.0;6968356864.0;41.0;211107586048.0;724.82;33.65;"2025-04-09 12:54:18"
724;6.2;2304.0;83.0;6968356864.0;41.0;211107586048.0;724.83;33.65;"2025-04-09 12:54:18"
725;5.0;2304.0;83.0;6968352768.0;41.0;211107586048.0;724.83;33.65;"2025-04-09 12:54:18"
726;12.5;2304.0;83.0;6968336384.0;41.0;211107586048.0;724.83;33.65;"2025-04-09 12:54:18"
727;8.3;2304.0;83.0;6968332288.0;41.0;211107586048.0;724.83;33.65;"2025-04-09 12:54:18"
728;10.0;2304.0;83.0;6966636544.0;41.0;211107586048.0;724.83;33.65;"2025-04-09 12:54:18"
729;7.7;2304.0;83.0;6966636544.0;41.0;211107586048.0;724.83;33.65;"2025-04-09 12:54:18"
730;11.1;2304.0;83.0;6966845440.0;41.0;211107586048.0;724.83;33.65;"2025-04-09 12:54:18"
731;22.7;2304.0;83.0;6966845440.0;41.0;211107586048.0;724.83;33.65;"2025-04-09 12:54:18"
732;31.2;2304.0;83.0;6966849536.0;41.0;211107586048.0;724.84;33.65;"2025-04-09 12:54:18"
733;23.8;2304.0;83.0;6966837248.0;41.0;211107586048.0;724.84;33.65;"2025-04-09 12:54:18"
734;6.2;2304.0;83.0;6966972416.0;41.0;211107594240.0;724.84;33.65;"2025-04-09 12:54:19"
735;20.7;2304.0;83.0;6967111680.0;41.0;211107594240.0;724.84;33.65;"2025-04-09 12:54:19"
736;6.7;2304.0;83.0;6967218176.0;41.0;211107594240.0;724.84;33.65;"2025-04-09 12:54:19"
737;5.9;2304.0;83.0;6967287808.0;41.0;211107594240.0;724.84;33.65;"2025-04-09 12:54:19"
738;6.2;2304.0;83.0;6967500800.0;41.0;211107594240.0;724.84;33.65;"2025-04-09 12:54:19"
739;11.1;2304.0;83.0;6968553472.0;41.0;211107594240.0;724.84;33.65;"2025-04-09 12:54:19"
740;7.4;2304.0;83.0;6969040896.0;41.0;211107594240.0;724.84;33.65;"2025-04-09 12:54:19"
741;5.9;2304.0;83.0;6969040896.0;41.0;211107594240.0;724.84;33.65;"2025-04-09 12:54:19"
742;5.3;2304.0;83.0;6969110528.0;41.0;211107594240.0;724.84;33.65;"2025-04-09 12:54:19"
743;7.1;2304.0;83.0;6969401344.0;41.0;211107594240.0;724.84;33.65;"2025-04-09 12:54:19"
744;5.0;2304.0;83.0;6969958400.0;41.0;211107594240.0;724.84;33.65;"2025-04-09 12:54:19"
745;6.2;2304.0;83.0;6970032128.0;41.0;211107594240.0;724.84;33.65;"2025-04-09 12:54:19"
746;11.5;2304.0;83.0;6970310656.0;41.0;211107594240.0;724.84;33.65;"2025-04-09 12:54:19"
747;5.6;2304.0;83.0;6970798080.0;41.0;211107594240.0;724.84;33.65;"2025-04-09 12:54:19"
748;5.0;2304.0;83.0;6970802176.0;41.0;211107594240.0;724.84;33.65;"2025-04-09 12:54:19"
749;6.2;2304.0;83.0;6971568128.0;41.0;211107594240.0;724.84;33.65;"2025-04-09 12:54:19"
750;6.2;2304.0;83.0;6971990016.0;41.0;211107594240.0;724.84;33.65;"2025-04-09 12:54:19"
751;7.7;2304.0;83.0;6972547072.0;41.0;211107594240.0;724.84;33.65;"2025-04-09 12:54:19"
752;18.8;2304.0;83.0;6972895232.0;41.0;211107594240.0;724.84;33.65;"2025-04-09 12:54:19"
753;4.3;2304.0;83.0;6972928000.0;41.0;211107594240.0;724.84;33.65;"2025-04-09 12:54:19"
754;12.5;2304.0;83.0;6973689856.0;41.0;211107594240.0;724.84;33.65;"2025-04-09 12:54:19"
755;6.2;2304.0;83.0;6973923328.0;41.0;211107594240.0;724.84;33.65;"2025-04-09 12:54:19"
756;18.8;2304.0;83.0;6974623744.0;41.0;211107594240.0;724.84;33.65;"2025-04-09 12:54:19"
757;4.2;2304.0;83.0;6975250432.0;41.0;211107594240.0;724.84;33.65;"2025-04-09 12:54:19"
758;5.0;2304.0;83.0;6975668224.0;41.0;211107594240.0;724.84;33.65;"2025-04-09 12:54:19"
759;5.0;2304.0;83.0;6975729664.0;41.0;211107594240.0;724.84;33.65;"2025-04-09 12:54:19"
760;29.4;2304.0;83.0;6981201920.0;41.0;211107594240.0;724.84;33.65;"2025-04-09 12:54:19"
761;6.2;2304.0;83.0;6981201920.0;41.0;211107594240.0;724.84;33.65;"2025-04-09 12:54:19"
762;6.2;2304.0;83.0;6981140480.0;41.0;211107594240.0;724.84;33.65;"2025-04-09 12:54:19"
763;15.4;2304.0;83.0;6980395008.0;41.0;211107594240.0;724.84;33.65;"2025-04-09 12:54:19"
764;4.5;2304.0;83.0;6980399104.0;41.0;211107594240.0;724.84;33.65;"2025-04-09 12:54:19"
765;6.2;2304.0;83.0;6980329472.0;41.0;211107594240.0;724.84;33.65;"2025-04-09 12:54:19"
766;18.8;2304.0;83.0;6980329472.0;41.0;211107594240.0;724.84;33.65;"2025-04-09 12:54:19"
767;12.5;2304.0;83.0;6980329472.0;41.0;211107594240.0;724.84;33.65;"2025-04-09 12:54:19"
768;14.8;2304.0;83.0;6980329472.0;41.0;211107594240.0;724.84;33.65;"2025-04-09 12:54:19"
769;5.6;2304.0;83.0;6980263936.0;41.0;211107594240.0;724.84;33.65;"2025-04-09 12:54:19"
770;5.3;2304.0;83.0;6978719744.0;41.0;211107594240.0;724.84;33.65;"2025-04-09 12:54:19"
771;17.6;2304.0;83.0;6978580480.0;41.0;211107594240.0;724.84;33.65;"2025-04-09 12:54:19"
772;6.2;2304.0;83.0;6978580480.0;41.0;211107594240.0;724.84;33.65;"2025-04-09 12:54:19"
773;12.5;2304.0;83.0;6978584576.0;41.0;211107594240.0;724.84;33.65;"2025-04-09 12:54:19"
774;4.2;2304.0;83.0;6978568192.0;41.0;211107594240.0;724.84;33.65;"2025-04-09 12:54:19"
775;6.2;2304.0;83.0;6978560000.0;41.0;211107594240.0;724.84;33.65;"2025-04-09 12:54:19"
776;17.6;2304.0;83.0;6978568192.0;41.0;211107594240.0;724.84;33.65;"2025-04-09 12:54:19"
777;12.5;2304.0;83.0;6978568192.0;41.0;211107594240.0;724.84;33.65;"2025-04-09 12:54:19"
778;10.7;2304.0;83.0;6978568192.0;41.0;211107594240.0;724.84;33.65;"2025-04-09 12:54:19"
779;14.3;2304.0;83.0;6978568192.0;41.0;211107594240.0;724.84;33.65;"2025-04-09 12:54:19"
780;11.8;2304.0;83.0;6978482176.0;41.0;211107594240.0;724.84;33.65;"2025-04-09 12:54:19"
781;6.2;2304.0;83.0;6978486272.0;41.0;211107610624.0;724.84;33.65;"2025-04-09 12:54:19"
782;6.2;2304.0;83.0;6978486272.0;41.0;211107610624.0;724.84;33.65;"2025-04-09 12:54:19"
783;4.8;2304.0;83.0;6978486272.0;41.0;211107610624.0;724.84;33.65;"2025-04-09 12:54:19"
784;3.7;2304.0;83.0;6978445312.0;41.0;211107610624.0;724.84;33.65;"2025-04-09 12:54:19"
785;6.2;2304.0;83.0;6978449408.0;41.0;211107610624.0;724.84;33.65;"2025-04-09 12:54:19"
786;18.8;2304.0;83.0;6978449408.0;41.0;211107610624.0;724.84;33.65;"2025-04-09 12:54:19"
787;18.8;2304.0;83.0;6978453504.0;41.0;211107610624.0;724.84;33.65;"2025-04-09 12:54:19"
788;7.4;2304.0;83.0;6978457600.0;41.0;211107610624.0;724.84;33.65;"2025-04-09 12:54:20"
789;13.6;2304.0;83.0;6978461696.0;41.0;211107610624.0;724.84;33.65;"2025-04-09 12:54:20"
790;6.2;2304.0;83.0;6978461696.0;41.0;211107610624.0;724.84;33.65;"2025-04-09 12:54:20"
791;6.2;2304.0;83.0;6978490368.0;41.0;211107610624.0;724.84;33.65;"2025-04-09 12:54:20"
792;6.2;2304.0;83.0;6978494464.0;41.0;211107610624.0;724.84;33.65;"2025-04-09 12:54:20"
793;9.4;2304.0;83.0;6978461696.0;41.0;211107610624.0;724.84;33.65;"2025-04-09 12:54:20"
794;6.2;2304.0;83.0;6978453504.0;41.0;211107610624.0;724.84;33.65;"2025-04-09 12:54:20"
795;6.2;2304.0;83.0;6978445312.0;41.0;211107610624.0;724.84;33.65;"2025-04-09 12:54:20"
796;56.2;2304.0;83.0;6978228224.0;41.0;211107610624.0;724.84;33.65;"2025-04-09 12:54:20"
797;6.2;2304.0;83.0;6971228160.0;41.0;211107610624.0;724.84;33.65;"2025-04-09 12:54:20"
798;6.2;2304.0;83.0;6971236352.0;41.0;211107610624.0;724.84;33.65;"2025-04-09 12:54:20"
799;9.4;2304.0;83.0;6971236352.0;41.0;211107610624.0;724.85;33.65;"2025-04-09 12:54:20"
800;18.8;2304.0;83.0;6971146240.0;41.0;211107610624.0;724.85;33.65;"2025-04-09 12:54:20"
801;6.2;2304.0;83.0;6971146240.0;41.0;211107610624.0;724.85;33.65;"2025-04-09 12:54:20"
802;29.4;2304.0;83.0;6971150336.0;41.0;211107610624.0;724.85;33.65;"2025-04-09 12:54:20"
803;3.4;2304.0;83.0;6971150336.0;41.0;211107610624.0;724.85;33.65;"2025-04-09 12:54:20"
804;5.3;2304.0;83.0;6971109376.0;41.0;211107610624.0;724.85;33.65;"2025-04-09 12:54:20"
805;25.0;2304.0;83.0;6971179008.0;41.0;211107610624.0;724.85;33.65;"2025-04-09 12:54:20"
806;88.2;2304.0;83.0;6971183104.0;41.0;211107614720.0;724.85;33.65;"2025-04-09 12:54:20"
807;6.2;2304.0;83.0;6971166720.0;41.0;211107614720.0;724.85;33.65;"2025-04-09 12:54:20"
808;15.4;2304.0;83.0;6971166720.0;41.0;211107614720.0;724.85;33.65;"2025-04-09 12:54:20"
809;29.4;2304.0;83.0;6971162624.0;41.0;211107614720.0;724.86;33.65;"2025-04-09 12:54:20"
810;5.6;2304.0;83.0;6971166720.0;41.0;211107614720.0;724.86;33.65;"2025-04-09 12:54:20"
811;5.9;2304.0;83.0;6971113472.0;41.0;211107614720.0;724.86;33.65;"2025-04-09 12:54:20"
812;21.1;2304.0;83.0;6971125760.0;41.0;211107614720.0;724.86;33.65;"2025-04-09 12:54:20"
813;22.7;2304.0;83.0;6970478592.0;41.0;211107614720.0;724.87;33.65;"2025-04-09 12:54:20"
814;12.0;2304.0;83.0;6979133440.0;41.0;211107614720.0;724.87;33.65;"2025-04-09 12:54:20"
815;35.3;2304.0;83.0;6977466368.0;41.0;211107614720.0;724.87;33.65;"2025-04-09 12:54:20"
816;14.3;2304.0;83.0;6977458176.0;41.0;211107614720.0;724.87;33.65;"2025-04-09 12:54:20"
817;5.3;2304.0;83.0;6977462272.0;41.0;211107614720.0;724.87;33.65;"2025-04-09 12:54:20"
818;3.7;2304.0;83.0;6977462272.0;41.0;211107614720.0;724.87;33.65;"2025-04-09 12:54:20"
819;0.0;2304.0;83.0;6977458176.0;41.0;211107614720.0;724.87;33.65;"2025-04-09 12:54:20"
820;5.9;2304.0;83.0;6977462272.0;41.0;211107614720.0;724.87;33.65;"2025-04-09 12:54:20"
821;6.2;2304.0;83.0;6977413120.0;41.0;211107614720.0;724.87;33.65;"2025-04-09 12:54:20"
822;5.3;2304.0;83.0;6977413120.0;41.0;211107614720.0;724.87;33.65;"2025-04-09 12:54:20"
823;6.2;2304.0;83.0;6977417216.0;41.0;211107614720.0;724.87;33.65;"2025-04-09 12:54:20"
824;7.4;2304.0;83.0;6977417216.0;41.0;211107614720.0;724.87;33.65;"2025-04-09 12:54:20"
825;35.3;2304.0;83.0;6977417216.0;41.0;211107614720.0;724.87;33.65;"2025-04-09 12:54:20"
826;15.8;2304.0;83.0;6977417216.0;41.0;211107614720.0;724.87;33.65;"2025-04-09 12:54:20"
827;5.3;2304.0;83.0;6977347584.0;41.0;211107614720.0;724.87;33.65;"2025-04-09 12:54:20"
828;3.4;2304.0;83.0;6977347584.0;41.0;211107614720.0;724.87;33.65;"2025-04-09 12:54:20"
829;0.0;2304.0;83.0;6977306624.0;41.0;211107614720.0;724.87;33.65;"2025-04-09 12:54:20"
830;4.8;2304.0;83.0;6977310720.0;41.0;211107614720.0;724.87;33.65;"2025-04-09 12:54:20"
831;12.5;2304.0;83.0;6977310720.0;41.0;211107614720.0;724.87;33.65;"2025-04-09 12:54:20"
832;18.8;2304.0;83.0;6975352832.0;41.0;211107614720.0;724.87;33.65;"2025-04-09 12:54:20"
833;10.0;2304.0;83.0;6975356928.0;41.0;211107614720.0;724.87;33.65;"2025-04-09 12:54:20"
834;5.3;2304.0;83.0;6975406080.0;41.0;211107614720.0;724.87;33.65;"2025-04-09 12:54:20"
835;25.0;2304.0;83.0;6975406080.0;41.0;211107614720.0;724.87;33.65;"2025-04-09 12:54:20"
836;5.3;2304.0;83.0;6975406080.0;41.0;211107614720.0;724.87;33.65;"2025-04-09 12:54:20"
837;5.6;2304.0;83.0;6975389696.0;41.0;211107614720.0;724.87;33.65;"2025-04-09 12:54:20"
838;12.5;2304.0;83.0;6975385600.0;41.0;211107614720.0;724.87;33.65;"2025-04-09 12:54:20"
839;11.5;2304.0;83.0;6975385600.0;41.0;211107614720.0;724.87;33.65;"2025-04-09 12:54:20"
840;16.7;2304.0;83.0;6975385600.0;41.0;211107614720.0;724.87;33.65;"2025-04-09 12:54:20"
841;9.5;2304.0;83.0;6975393792.0;41.0;211107614720.0;724.87;33.65;"2025-04-09 12:54:21"
842;16.7;2304.0;83.0;6975393792.0;41.0;211107614720.0;724.87;33.65;"2025-04-09 12:54:21"
843;5.0;2304.0;83.0;6975393792.0;41.0;211107614720.0;724.87;33.65;"2025-04-09 12:54:21"
844;11.5;2304.0;83.0;6975377408.0;41.0;211107614720.0;724.87;33.65;"2025-04-09 12:54:21"
845;21.1;2304.0;83.0;6975352832.0;41.0;211107614720.0;724.87;33.65;"2025-04-09 12:54:21"
846;11.1;2304.0;83.0;6975356928.0;41.0;211107614720.0;724.87;33.65;"2025-04-09 12:54:21"
847;5.6;2304.0;83.0;6975356928.0;41.0;211107614720.0;724.87;33.65;"2025-04-09 12:54:21"
848;6.2;2304.0;83.0;6975361024.0;41.0;211107614720.0;724.87;33.65;"2025-04-09 12:54:21"
849;11.5;2304.0;83.0;6974689280.0;41.0;211107614720.0;724.87;33.65;"2025-04-09 12:54:21"
850;5.3;2304.0;83.0;6974689280.0;41.0;211107614720.0;724.87;33.65;"2025-04-09 12:54:21"
851;6.7;2304.0;83.0;6974685184.0;41.0;211107614720.0;724.87;33.65;"2025-04-09 12:54:21"
852;10.0;2304.0;83.0;6974693376.0;41.0;211107614720.0;724.87;33.65;"2025-04-09 12:54:21"
853;6.2;2304.0;83.0;6974107648.0;41.0;211107614720.0;724.87;33.65;"2025-04-09 12:54:21"
854;7.4;2304.0;83.0;6973992960.0;41.0;211107614720.0;724.87;33.65;"2025-04-09 12:54:21"
855;21.4;2304.0;83.0;6973992960.0;41.0;211107614720.0;724.87;33.65;"2025-04-09 12:54:21"
856;5.0;2304.0;83.0;6973992960.0;41.0;211107614720.0;724.87;33.65;"2025-04-09 12:54:21"
857;5.6;2304.0;83.0;6973992960.0;41.0;211107614720.0;724.87;33.65;"2025-04-09 12:54:21"
858;21.1;2304.0;83.0;6973919232.0;41.0;211107614720.0;724.87;33.65;"2025-04-09 12:54:21"
859;18.8;2304.0;83.0;6973923328.0;41.0;211107614720.0;724.87;33.65;"2025-04-09 12:54:21"
860;12.0;2304.0;83.0;6973919232.0;41.0;211107614720.0;724.87;33.65;"2025-04-09 12:54:21"
861;4.8;2304.0;83.0;6973919232.0;41.0;211107614720.0;724.87;33.65;"2025-04-09 12:54:21"
862;5.6;2304.0;83.0;6973915136.0;41.0;211107680256.0;724.87;33.65;"2025-04-09 12:54:21"
863;0.0;2304.0;83.0;6973919232.0;41.0;211107680256.0;724.87;33.65;"2025-04-09 12:54:21"
864;6.2;2304.0;83.0;6973923328.0;41.0;211107680256.0;724.87;33.65;"2025-04-09 12:54:21"
865;8.3;2304.0;83.0;6973923328.0;41.0;211107680256.0;724.87;33.65;"2025-04-09 12:54:21"
866;4.5;2304.0;83.0;6973923328.0;41.0;211107680256.0;724.87;33.65;"2025-04-09 12:54:21"
867;5.6;2304.0;83.0;6973915136.0;41.0;211107680256.0;724.87;33.65;"2025-04-09 12:54:21"
868;6.2;2304.0;83.0;6973870080.0;41.0;211107680256.0;724.87;33.65;"2025-04-09 12:54:21"
869;18.8;2304.0;83.0;6973845504.0;41.0;211107680256.0;724.87;33.65;"2025-04-09 12:54:21"
870;7.4;2304.0;83.0;6979145728.0;41.0;211107680256.0;724.87;33.65;"2025-04-09 12:54:21"
871;4.8;2304.0;83.0;6979145728.0;41.0;211107680256.0;724.87;33.65;"2025-04-09 12:54:21"
872;7.1;2304.0;83.0;6979141632.0;41.0;211107680256.0;724.87;33.65;"2025-04-09 12:54:21"
873;5.6;2304.0;83.0;6979145728.0;41.0;211107680256.0;724.87;33.65;"2025-04-09 12:54:21"
874;13.0;2304.0;83.0;6979145728.0;41.0;211107680256.0;724.87;33.65;"2025-04-09 12:54:21"
875;14.8;2304.0;83.0;6979112960.0;41.0;211107680256.0;724.88;33.65;"2025-04-09 12:54:21"
876;18.8;2304.0;83.0;6979108864.0;41.0;211107680256.0;724.88;33.65;"2025-04-09 12:54:21"
877;6.2;2304.0;83.0;6979108864.0;41.0;211107680256.0;724.88;33.65;"2025-04-09 12:54:21"
878;14.8;2304.0;83.0;6979117056.0;41.0;211107680256.0;724.88;33.65;"2025-04-09 12:54:21"
879;5.0;2304.0;83.0;6979080192.0;41.0;211107688448.0;724.89;33.65;"2025-04-09 12:54:21"
880;5.9;2304.0;83.0;6979084288.0;41.0;211107688448.0;724.89;33.65;"2025-04-09 12:54:21"
881;6.2;2304.0;83.0;6979092480.0;41.0;211107688448.0;724.89;33.65;"2025-04-09 12:54:21"
882;23.1;2304.0;83.0;6979059712.0;41.0;211107688448.0;724.89;33.65;"2025-04-09 12:54:21"
883;17.4;2304.0;83.0;6979059712.0;41.0;211107688448.0;724.89;33.65;"2025-04-09 12:54:21"
884;12.5;2304.0;83.0;6979063808.0;41.0;211107688448.0;724.89;33.65;"2025-04-09 12:54:21"
885;29.4;2304.0;83.0;6979072000.0;41.0;211107688448.0;724.89;33.65;"2025-04-09 12:54:21"
886;12.5;2304.0;83.0;6979072000.0;41.0;211107688448.0;724.89;33.65;"2025-04-09 12:54:21"
887;12.5;2304.0;83.0;6979072000.0;41.0;211107688448.0;724.89;33.65;"2025-04-09 12:54:21"
888;12.5;2304.0;83.0;6979026944.0;41.0;211107688448.0;724.89;33.65;"2025-04-09 12:54:21"
889;17.6;2304.0;83.0;6979026944.0;41.0;211107688448.0;724.9;33.65;"2025-04-09 12:54:21"
890;18.8;2304.0;83.0;6979031040.0;41.0;211107688448.0;724.9;33.65;"2025-04-09 12:54:21"
891;6.2;2304.0;83.0;6979031040.0;41.0;211107688448.0;724.9;33.65;"2025-04-09 12:54:21"
892;9.4;2304.0;83.0;6979031040.0;41.0;211107688448.0;724.9;33.65;"2025-04-09 12:54:21"
893;14.3;2304.0;83.0;6979035136.0;41.0;211107688448.0;724.9;33.65;"2025-04-09 12:54:21"
894;12.5;2304.0;83.0;6979035136.0;41.0;211107688448.0;724.9;33.65;"2025-04-09 12:54:22"
895;18.8;2304.0;83.0;6979039232.0;41.0;211107688448.0;724.9;33.65;"2025-04-09 12:54:22"
896;15.8;2304.0;83.0;6979039232.0;41.0;211107688448.0;724.9;33.65;"2025-04-09 12:54:22"
897;12.5;2304.0;83.0;6979039232.0;41.0;211107688448.0;724.9;33.65;"2025-04-09 12:54:22"
898;25.0;2304.0;83.0;6979043328.0;41.0;211107688448.0;724.9;33.65;"2025-04-09 12:54:22"
899;14.3;2304.0;83.0;6979051520.0;41.0;211107688448.0;724.9;33.65;"2025-04-09 12:54:22"
900;5.3;2304.0;83.0;6978994176.0;41.0;211107688448.0;724.9;33.65;"2025-04-09 12:54:22"
901;13.8;2304.0;83.0;6978998272.0;41.0;211107688448.0;724.9;33.65;"2025-04-09 12:54:22"
902;7.7;2304.0;83.0;6978998272.0;41.0;211107688448.0;724.9;33.65;"2025-04-09 12:54:22"
903;5.0;2304.0;83.0;6978998272.0;41.0;211107688448.0;724.9;33.65;"2025-04-09 12:54:22"
904;12.5;2304.0;83.0;6978981888.0;41.0;211107753984.0;724.9;33.65;"2025-04-09 12:54:22"
905;16.7;2304.0;83.0;6978977792.0;41.0;211107753984.0;724.9;33.65;"2025-04-09 12:54:22"
906;12.0;2304.0;83.0;6978981888.0;41.0;211107753984.0;724.9;33.65;"2025-04-09 12:54:22"
907;5.3;2304.0;83.0;6978981888.0;41.0;211107753984.0;724.9;33.65;"2025-04-09 12:54:22"
908;5.0;2304.0;83.0;6978985984.0;41.0;211107753984.0;724.9;33.65;"2025-04-09 12:54:22"
909;6.2;2304.0;83.0;6978985984.0;41.0;211107753984.0;724.9;33.65;"2025-04-09 12:54:22"
910;6.2;2304.0;83.0;6978994176.0;41.0;211107753984.0;724.9;33.65;"2025-04-09 12:54:22"
911;11.5;2304.0;83.0;6978994176.0;41.0;211107753984.0;724.9;33.65;"2025-04-09 12:54:22"
912;5.6;2304.0;83.0;6978994176.0;41.0;211107753984.0;724.9;33.65;"2025-04-09 12:54:22"
